# Manifold Composer Assembled Pipe
v 0.500000 0.000000 0.000000
v 0.461908 0.180135 0.000000
v 0.414865 0.272913 0.000000
v 0.355985 0.346228 0.000000
v 0.284350 0.407116 0.000000
v 0.202524 0.453412 0.000000
v 0.113438 0.483456 0.000000
v 0.020287 0.496172 0.000000
v -0.073592 0.491103 0.000000
v -0.164833 0.468432 0.000000
v -0.250165 0.428970 0.000000
v -0.326531 0.374133 0.000000
v -0.391194 0.305886 0.000000
v -0.441835 0.226675 0.000000
v -0.476639 0.139339 0.000000
v -0.494358 0.047008 0.000000
v -0.494358 -0.047008 0.000000
v -0.476639 -0.139339 0.000000
v -0.441835 -0.226675 0.000000
v -0.391194 -0.305886 0.000000
v -0.326531 -0.374133 0.000000
v -0.250165 -0.428970 0.000000
v -0.164833 -0.468432 0.000000
v -0.073592 -0.491103 0.000000
v 0.020287 -0.496172 0.000000
v 0.113438 -0.483456 0.000000
v 0.202523 -0.453412 0.000000
v 0.284350 -0.407116 0.000000
v 0.355985 -0.346228 0.000000
v 0.414865 -0.272913 0.000000
v 0.461908 -0.180136 0.000000
v 0.500000 0.000000 0.059189
v 0.461908 0.180135 0.059189
v 0.414865 0.272913 0.059189
v 0.355985 0.346228 0.059189
v 0.284350 0.407116 0.059189
v 0.202523 0.453412 0.059189
v 0.113438 0.483456 0.059189
v 0.020287 0.496172 0.059189
v -0.073592 0.491103 0.059189
v -0.164833 0.468432 0.059189
v -0.250165 0.428970 0.059189
v -0.326531 0.374133 0.059189
v -0.391194 0.305886 0.059189
v -0.441835 0.226675 0.059189
v -0.476639 0.139339 0.059189
v -0.494358 0.047008 0.059189
v -0.494358 -0.047008 0.059189
v -0.476639 -0.139339 0.059189
v -0.441835 -0.226675 0.059189
v -0.391194 -0.305886 0.059189
v -0.326531 -0.374133 0.059189
v -0.250165 -0.428970 0.059189
v -0.164833 -0.468432 0.059189
v -0.073592 -0.491103 0.059189
v 0.020287 -0.496172 0.059189
v 0.113438 -0.483456 0.059189
v 0.202523 -0.453412 0.059189
v 0.284350 -0.407116 0.059189
v 0.355985 -0.346228 0.059189
v 0.414865 -0.272913 0.059189
v 0.461908 -0.180136 0.059189
v 0.500000 0.000000 0.092606
v 0.461908 0.180136 0.092606
v 0.414865 0.272913 0.092606
v 0.355985 0.346228 0.092606
v 0.284350 0.407116 0.092606
v 0.202524 0.453412 0.092606
v 0.113438 0.483456 0.092606
v 0.020287 0.496172 0.092606
v -0.073592 0.491103 0.092606
v -0.164833 0.468432 0.092606
v -0.250165 0.428970 0.092606
v -0.326531 0.374133 0.092606
v -0.391194 0.305886 0.092606
v -0.441835 0.226675 0.092606
v -0.476639 0.139339 0.092606
v -0.494358 0.047008 0.092606
v -0.494358 -0.047008 0.092606
v -0.476639 -0.139339 0.092606
v -0.441835 -0.226675 0.092606
v -0.391194 -0.305886 0.092606
v -0.326531 -0.374133 0.092606
v -0.250165 -0.428970 0.092606
v -0.164833 -0.468432 0.092606
v -0.073592 -0.491103 0.092606
v 0.020287 -0.496172 0.092606
v 0.113438 -0.483456 0.092606
v 0.202523 -0.453412 0.092606
v 0.284350 -0.407116 0.092606
v 0.355985 -0.346228 0.092606
v 0.414865 -0.272913 0.092606
v 0.461908 -0.180136 0.092606
v 0.500000 0.000000 0.122789
v 0.461908 0.180136 0.122789
v 0.414866 0.272913 0.122789
v 0.355985 0.346228 0.122789
v 0.284350 0.407116 0.122789
v 0.202524 0.453412 0.122789
v 0.113438 0.483456 0.122789
v 0.020287 0.496172 0.122789
v -0.073592 0.491103 0.122789
v -0.164833 0.468432 0.122789
v -0.250165 0.428970 0.122789
v -0.326531 0.374133 0.122789
v -0.391194 0.305886 0.122789
v -0.441835 0.226675 0.122789
v -0.476639 0.139339 0.122789
v -0.494358 0.047008 0.122789
v -0.494358 -0.047008 0.122789
v -0.476639 -0.139339 0.122789
v -0.441835 -0.226675 0.122789
v -0.391194 -0.305886 0.122789
v -0.326531 -0.374133 0.122789
v -0.250165 -0.428970 0.122789
v -0.164833 -0.468432 0.122789
v -0.073592 -0.491103 0.122789
v 0.020287 -0.496172 0.122789
v 0.113438 -0.483456 0.122789
v 0.202523 -0.453412 0.122789
v 0.284350 -0.407116 0.122789
v 0.355985 -0.346228 0.122789
v 0.414865 -0.272913 0.122789
v 0.461908 -0.180136 0.122789
v 0.500000 0.000000 0.152966
v 0.461908 0.180136 0.152966
v 0.414865 0.272913 0.152966
v 0.355985 0.346228 0.152966
v 0.284350 0.407116 0.152966
v 0.202524 0.453412 0.152966
v 0.113438 0.483456 0.152966
v 0.020287 0.496172 0.152966
v -0.073592 0.491103 0.152966
v -0.164833 0.468432 0.152966
v -0.250165 0.428970 0.152966
v -0.326531 0.374133 0.152966
v -0.391194 0.305886 0.152966
v -0.441835 0.226675 0.152966
v -0.476639 0.139339 0.152966
v -0.494358 0.047008 0.152966
v -0.494358 -0.047008 0.152966
v -0.476639 -0.139339 0.152966
v -0.441835 -0.226675 0.152966
v -0.391194 -0.305886 0.152966
v -0.326531 -0.374133 0.152966
v -0.250165 -0.428970 0.152966
v -0.164833 -0.468432 0.152966
v -0.073592 -0.491103 0.152966
v 0.020287 -0.496172 0.152966
v 0.113438 -0.483456 0.152966
v 0.202523 -0.453412 0.152966
v 0.284350 -0.407116 0.152966
v 0.355985 -0.346228 0.152966
v 0.414865 -0.272913 0.152966
v 0.461908 -0.180136 0.152966
v 0.500000 0.000000 0.183143
v 0.461908 0.180135 0.183143
v 0.414865 0.272913 0.183143
v 0.355985 0.346228 0.183143
v 0.284350 0.407116 0.183143
v 0.202523 0.453412 0.183143
v 0.113438 0.483456 0.183143
v 0.020287 0.496172 0.183143
v -0.073592 0.491103 0.183143
v -0.164833 0.468432 0.183143
v -0.250165 0.428970 0.183143
v -0.326531 0.374133 0.183143
v -0.391194 0.305886 0.183143
v -0.441835 0.226675 0.183143
v -0.476639 0.139339 0.183143
v -0.494358 0.047008 0.183143
v -0.494358 -0.047008 0.183143
v -0.476639 -0.139339 0.183143
v -0.441835 -0.226675 0.183143
v -0.391194 -0.305886 0.183143
v -0.326531 -0.374133 0.183143
v -0.250165 -0.428970 0.183143
v -0.164833 -0.468432 0.183143
v -0.073592 -0.491103 0.183143
v 0.020287 -0.496172 0.183143
v 0.113438 -0.483456 0.183143
v 0.202523 -0.453412 0.183143
v 0.284350 -0.407116 0.183143
v 0.355985 -0.346228 0.183143
v 0.414865 -0.272913 0.183143
v 0.461908 -0.180136 0.183143
v 0.500000 0.000000 0.213319
v 0.461908 0.180136 0.213319
v 0.414865 0.272913 0.213319
v 0.355985 0.346228 0.213319
v 0.284350 0.407116 0.213319
v 0.202524 0.453412 0.213319
v 0.113438 0.483456 0.213319
v 0.020287 0.496172 0.213319
v -0.073592 0.491103 0.213319
v -0.164833 0.468432 0.213319
v -0.250165 0.428970 0.213319
v -0.326531 0.374133 0.213319
v -0.391194 0.305886 0.213319
v -0.441835 0.226675 0.213319
v -0.476639 0.139339 0.213319
v -0.494358 0.047008 0.213319
v -0.494358 -0.047008 0.213319
v -0.476639 -0.139339 0.213319
v -0.441835 -0.226675 0.213319
v -0.391194 -0.305886 0.213319
v -0.326531 -0.374133 0.213319
v -0.250165 -0.428970 0.213319
v -0.164833 -0.468432 0.213319
v -0.073592 -0.491103 0.213319
v 0.020287 -0.496172 0.213319
v 0.113438 -0.483456 0.213319
v 0.202523 -0.453412 0.213319
v 0.284350 -0.407116 0.213319
v 0.355985 -0.346228 0.213319
v 0.414865 -0.272912 0.213319
v 0.461908 -0.180136 0.213319
v 0.500000 0.000000 0.243496
v 0.461908 0.180135 0.243496
v 0.414865 0.272913 0.243496
v 0.355985 0.346228 0.243496
v 0.284350 0.407116 0.243496
v 0.202523 0.453412 0.243496
v 0.113438 0.483456 0.243496
v 0.020287 0.496172 0.243496
v -0.073592 0.491103 0.243496
v -0.164833 0.468432 0.243496
v -0.250165 0.428970 0.243496
v -0.326531 0.374133 0.243496
v -0.391194 0.305886 0.243496
v -0.441835 0.226675 0.243496
v -0.476639 0.139339 0.243496
v -0.494358 0.047008 0.243496
v -0.494358 -0.047008 0.243496
v -0.476639 -0.139339 0.243496
v -0.441835 -0.226675 0.243496
v -0.391194 -0.305886 0.243496
v -0.326531 -0.374133 0.243496
v -0.250165 -0.428970 0.243496
v -0.164833 -0.468432 0.243496
v -0.073592 -0.491103 0.243496
v 0.020287 -0.496172 0.243496
v 0.113438 -0.483456 0.243496
v 0.202523 -0.453412 0.243496
v 0.284350 -0.407116 0.243496
v 0.355985 -0.346228 0.243496
v 0.414865 -0.272913 0.243496
v 0.461908 -0.180136 0.243496
v 0.500000 0.000000 0.273673
v 0.461908 0.180135 0.273673
v 0.414865 0.272912 0.273673
v 0.355985 0.346228 0.273673
v 0.284350 0.407116 0.273673
v 0.202523 0.453412 0.273673
v 0.113438 0.483456 0.273673
v 0.020287 0.496172 0.273673
v -0.073592 0.491103 0.273673
v -0.164833 0.468432 0.273673
v -0.250165 0.428970 0.273673
v -0.326531 0.374133 0.273673
v -0.391194 0.305886 0.273673
v -0.441835 0.226675 0.273673
v -0.476639 0.139339 0.273673
v -0.494358 0.047008 0.273673
v -0.494358 -0.047008 0.273673
v -0.476639 -0.139339 0.273673
v -0.441835 -0.226675 0.273673
v -0.391194 -0.305886 0.273673
v -0.326531 -0.374133 0.273673
v -0.250165 -0.428970 0.273673
v -0.164833 -0.468432 0.273673
v -0.073592 -0.491103 0.273673
v 0.020287 -0.496172 0.273673
v 0.113438 -0.483456 0.273673
v 0.202523 -0.453412 0.273673
v 0.284350 -0.407116 0.273673
v 0.355985 -0.346228 0.273673
v 0.414865 -0.272913 0.273673
v 0.461908 -0.180136 0.273673
v 0.500000 0.000000 0.303850
v 0.461908 0.180135 0.303850
v 0.414865 0.272913 0.303850
v 0.355985 0.346228 0.303850
v 0.284350 0.407116 0.303850
v 0.202524 0.453412 0.303850
v 0.113438 0.483456 0.303850
v 0.020287 0.496172 0.303850
v -0.073592 0.491103 0.303850
v -0.164833 0.468432 0.303850
v -0.250165 0.428970 0.303850
v -0.326531 0.374133 0.303850
v -0.391194 0.305886 0.303850
v -0.441835 0.226675 0.303850
v -0.476639 0.139339 0.303850
v -0.494358 0.047008 0.303850
v -0.494358 -0.047008 0.303850
v -0.476639 -0.139339 0.303850
v -0.441835 -0.226675 0.303850
v -0.391194 -0.305886 0.303850
v -0.326531 -0.374133 0.303850
v -0.250165 -0.428970 0.303850
v -0.164833 -0.468432 0.303850
v -0.073592 -0.491103 0.303850
v 0.020287 -0.496172 0.303850
v 0.113438 -0.483456 0.303850
v 0.202523 -0.453412 0.303850
v 0.284350 -0.407116 0.303850
v 0.355985 -0.346228 0.303850
v 0.414865 -0.272913 0.303850
v 0.461908 -0.180136 0.303850
v 0.500000 0.000000 0.334027
v 0.461908 0.180136 0.334027
v 0.414865 0.272913 0.334027
v 0.355985 0.346228 0.334027
v 0.284350 0.407116 0.334027
v 0.202524 0.453412 0.334027
v 0.113438 0.483456 0.334027
v 0.020287 0.496172 0.334027
v -0.073592 0.491103 0.334027
v -0.164833 0.468432 0.334027
v -0.250165 0.428970 0.334027
v -0.326531 0.374133 0.334027
v -0.391194 0.305886 0.334027
v -0.441835 0.226675 0.334027
v -0.476639 0.139339 0.334027
v -0.494358 0.047008 0.334027
v -0.494358 -0.047008 0.334027
v -0.476639 -0.139339 0.334027
v -0.441835 -0.226675 0.334027
v -0.391194 -0.305886 0.334027
v -0.326531 -0.374133 0.334027
v -0.250165 -0.428970 0.334027
v -0.164833 -0.468432 0.334027
v -0.073592 -0.491103 0.334027
v 0.020287 -0.496172 0.334027
v 0.113438 -0.483456 0.334027
v 0.202523 -0.453412 0.334027
v 0.284350 -0.407116 0.334027
v 0.355985 -0.346228 0.334027
v 0.414865 -0.272913 0.334027
v 0.461908 -0.180136 0.334027
v 0.500000 0.000000 0.364204
v 0.461908 0.180136 0.364204
v 0.414865 0.272913 0.364204
v 0.355985 0.346228 0.364204
v 0.284350 0.407116 0.364204
v 0.202523 0.453412 0.364204
v 0.113438 0.483456 0.364204
v 0.020287 0.496172 0.364204
v -0.073592 0.491103 0.364204
v -0.164833 0.468432 0.364204
v -0.250165 0.428970 0.364204
v -0.326531 0.374133 0.364204
v -0.391194 0.305886 0.364204
v -0.441835 0.226675 0.364204
v -0.476639 0.139339 0.364204
v -0.494358 0.047008 0.364204
v -0.494358 -0.047008 0.364204
v -0.476639 -0.139339 0.364204
v -0.441835 -0.226675 0.364204
v -0.391194 -0.305886 0.364204
v -0.326531 -0.374133 0.364204
v -0.250165 -0.428970 0.364204
v -0.164833 -0.468432 0.364204
v -0.073592 -0.491103 0.364204
v 0.020287 -0.496172 0.364204
v 0.113438 -0.483456 0.364204
v 0.202523 -0.453412 0.364204
v 0.284350 -0.407116 0.364204
v 0.355985 -0.346228 0.364204
v 0.414865 -0.272913 0.364204
v 0.461908 -0.180136 0.364204
v 0.500000 0.000000 0.394381
v 0.461908 0.180136 0.394381
v 0.414865 0.272913 0.394381
v 0.355985 0.346228 0.394381
v 0.284350 0.407116 0.394381
v 0.202523 0.453412 0.394381
v 0.113438 0.483456 0.394381
v 0.020287 0.496172 0.394381
v -0.073592 0.491103 0.394381
v -0.164833 0.468432 0.394381
v -0.250165 0.428970 0.394381
v -0.326531 0.374133 0.394381
v -0.391194 0.305886 0.394381
v -0.441835 0.226675 0.394381
v -0.476639 0.139339 0.394381
v -0.494358 0.047008 0.394381
v -0.494358 -0.047008 0.394381
v -0.476639 -0.139339 0.394381
v -0.441835 -0.226675 0.394381
v -0.391194 -0.305886 0.394381
v -0.326532 -0.374133 0.394381
v -0.250165 -0.428970 0.394381
v -0.164833 -0.468432 0.394381
v -0.073592 -0.491103 0.394381
v 0.020287 -0.496172 0.394381
v 0.113438 -0.483456 0.394381
v 0.202523 -0.453412 0.394381
v 0.284350 -0.407116 0.394381
v 0.355985 -0.346228 0.394381
v 0.414865 -0.272913 0.394381
v 0.461908 -0.180136 0.394381
v 0.500000 0.000000 0.424558
v 0.461908 0.180136 0.424558
v 0.414865 0.272913 0.424558
v 0.355985 0.346228 0.424558
v 0.284350 0.407116 0.424558
v 0.202524 0.453412 0.424558
v 0.113438 0.483456 0.424558
v 0.020287 0.496172 0.424558
v -0.073592 0.491103 0.424558
v -0.164833 0.468432 0.424558
v -0.250165 0.428970 0.424558
v -0.326531 0.374133 0.424558
v -0.391194 0.305886 0.424558
v -0.441835 0.226675 0.424558
v -0.476639 0.139339 0.424558
v -0.494358 0.047008 0.424558
v -0.494358 -0.047008 0.424558
v -0.476639 -0.139339 0.424558
v -0.441835 -0.226675 0.424558
v -0.391194 -0.305886 0.424558
v -0.326531 -0.374133 0.424558
v -0.250165 -0.428970 0.424558
v -0.164833 -0.468432 0.424558
v -0.073592 -0.491103 0.424558
v 0.020287 -0.496172 0.424558
v 0.113438 -0.483456 0.424558
v 0.202523 -0.453412 0.424558
v 0.284350 -0.407116 0.424558
v 0.355985 -0.346228 0.424558
v 0.414865 -0.272912 0.424558
v 0.461908 -0.180136 0.424558
v 0.500000 0.000000 0.454735
v 0.461908 0.180135 0.454735
v 0.414865 0.272913 0.454735
v 0.355985 0.346228 0.454735
v 0.284350 0.407116 0.454735
v 0.202524 0.453412 0.454735
v 0.113438 0.483456 0.454735
v 0.020287 0.496172 0.454735
v -0.073592 0.491103 0.454735
v -0.164833 0.468432 0.454735
v -0.250165 0.428970 0.454735
v -0.326531 0.374133 0.454735
v -0.391194 0.305886 0.454735
v -0.441835 0.226675 0.454735
v -0.476639 0.139339 0.454735
v -0.494358 0.047008 0.454735
v -0.494358 -0.047008 0.454735
v -0.476639 -0.139339 0.454735
v -0.441835 -0.226675 0.454735
v -0.391194 -0.305886 0.454735
v -0.326531 -0.374133 0.454735
v -0.250165 -0.428970 0.454735
v -0.164833 -0.468432 0.454735
v -0.073592 -0.491103 0.454735
v 0.020287 -0.496172 0.454735
v 0.113438 -0.483456 0.454735
v 0.202523 -0.453412 0.454735
v 0.284350 -0.407116 0.454735
v 0.355985 -0.346228 0.454735
v 0.414865 -0.272913 0.454735
v 0.461908 -0.180136 0.454735
v 0.500000 0.000000 0.484912
v 0.461908 0.180136 0.484912
v 0.414865 0.272913 0.484912
v 0.355985 0.346228 0.484912
v 0.284350 0.407116 0.484912
v 0.202524 0.453412 0.484912
v 0.113438 0.483456 0.484912
v 0.020287 0.496172 0.484912
v -0.073592 0.491103 0.484911
v -0.164833 0.468432 0.484912
v -0.250165 0.428970 0.484912
v -0.326531 0.374133 0.484912
v -0.391194 0.305886 0.484912
v -0.441835 0.226675 0.484912
v -0.476639 0.139339 0.484912
v -0.494358 0.047008 0.484912
v -0.494358 -0.047008 0.484912
v -0.476639 -0.139339 0.484912
v -0.441835 -0.226675 0.484912
v -0.391194 -0.305886 0.484912
v -0.326531 -0.374133 0.484912
v -0.250165 -0.428970 0.484912
v -0.164833 -0.468432 0.484912
v -0.073592 -0.491103 0.484912
v 0.020287 -0.496172 0.484912
v 0.113438 -0.483456 0.484912
v 0.202523 -0.453412 0.484912
v 0.284350 -0.407116 0.484912
v 0.355985 -0.346228 0.484912
v 0.414865 -0.272913 0.484912
v 0.461908 -0.180136 0.484912
v 0.500000 0.000000 0.515088
v 0.461908 0.180136 0.515088
v 0.414865 0.272913 0.515088
v 0.355985 0.346228 0.515088
v 0.284350 0.407116 0.515088
v 0.202524 0.453412 0.515088
v 0.113438 0.483456 0.515088
v 0.020287 0.496172 0.515088
v -0.073592 0.491103 0.515088
v -0.164833 0.468432 0.515088
v -0.250165 0.428970 0.515088
v -0.326531 0.374133 0.515088
v -0.391194 0.305886 0.515088
v -0.441835 0.226675 0.515088
v -0.476639 0.139339 0.515088
v -0.494358 0.047008 0.515088
v -0.494358 -0.047008 0.515088
v -0.476639 -0.139339 0.515088
v -0.441835 -0.226675 0.515088
v -0.391194 -0.305886 0.515088
v -0.326531 -0.374133 0.515088
v -0.250165 -0.428970 0.515088
v -0.164833 -0.468432 0.515088
v -0.073592 -0.491103 0.515088
v 0.020287 -0.496172 0.515088
v 0.113438 -0.483456 0.515088
v 0.202523 -0.453412 0.515088
v 0.284350 -0.407116 0.515088
v 0.355985 -0.346228 0.515088
v 0.414865 -0.272913 0.515088
v 0.461908 -0.180136 0.515088
v 0.500000 0.000000 0.545265
v 0.461908 0.180136 0.545265
v 0.414865 0.272913 0.545265
v 0.355985 0.346228 0.545265
v 0.284350 0.407116 0.545265
v 0.202524 0.453412 0.545265
v 0.113438 0.483456 0.545265
v 0.020287 0.496172 0.545265
v -0.073592 0.491103 0.545265
v -0.164833 0.468432 0.545265
v -0.250165 0.428970 0.545265
v -0.326531 0.374133 0.545265
v -0.391194 0.305886 0.545265
v -0.441835 0.226675 0.545265
v -0.476639 0.139339 0.545265
v -0.494358 0.047008 0.545265
v -0.494358 -0.047008 0.545265
v -0.476639 -0.139339 0.545265
v -0.441835 -0.226675 0.545265
v -0.391194 -0.305886 0.545265
v -0.326531 -0.374133 0.545265
v -0.250165 -0.428970 0.545265
v -0.164833 -0.468432 0.545265
v -0.073592 -0.491103 0.545265
v 0.020287 -0.496172 0.545265
v 0.113438 -0.483456 0.545265
v 0.202523 -0.453412 0.545265
v 0.284350 -0.407116 0.545265
v 0.355985 -0.346228 0.545265
v 0.414865 -0.272913 0.545265
v 0.461908 -0.180136 0.545265
v 0.500000 0.000000 0.575442
v 0.461908 0.180136 0.575442
v 0.414865 0.272913 0.575442
v 0.355985 0.346228 0.575442
v 0.284350 0.407116 0.575442
v 0.202524 0.453412 0.575442
v 0.113438 0.483456 0.575442
v 0.020287 0.496172 0.575442
v -0.073592 0.491103 0.575442
v -0.164833 0.468432 0.575442
v -0.250165 0.428970 0.575442
v -0.326531 0.374133 0.575442
v -0.391194 0.305886 0.575442
v -0.441835 0.226675 0.575442
v -0.476639 0.139339 0.575442
v -0.494358 0.047008 0.575442
v -0.494358 -0.047008 0.575442
v -0.476639 -0.139339 0.575442
v -0.441835 -0.226675 0.575442
v -0.391194 -0.305886 0.575442
v -0.326531 -0.374133 0.575442
v -0.250165 -0.428970 0.575442
v -0.164833 -0.468432 0.575442
v -0.073592 -0.491103 0.575442
v 0.020287 -0.496172 0.575442
v 0.113438 -0.483456 0.575442
v 0.202523 -0.453412 0.575442
v 0.284350 -0.407116 0.575442
v 0.355985 -0.346228 0.575442
v 0.414865 -0.272913 0.575442
v 0.461908 -0.180136 0.575442
v 0.500000 0.000000 0.605619
v 0.461908 0.180135 0.605619
v 0.414865 0.272913 0.605619
v 0.355985 0.346228 0.605619
v 0.284350 0.407116 0.605619
v 0.202523 0.453412 0.605619
v 0.113438 0.483456 0.605619
v 0.020287 0.496172 0.605619
v -0.073592 0.491103 0.605619
v -0.164833 0.468432 0.605619
v -0.250165 0.428970 0.605619
v -0.326531 0.374133 0.605619
v -0.391194 0.305886 0.605619
v -0.441835 0.226675 0.605619
v -0.476639 0.139339 0.605619
v -0.494358 0.047008 0.605619
v -0.494358 -0.047008 0.605619
v -0.476639 -0.139339 0.605619
v -0.441835 -0.226675 0.605619
v -0.391194 -0.305886 0.605619
v -0.326532 -0.374133 0.605619
v -0.250165 -0.428970 0.605619
v -0.164833 -0.468432 0.605619
v -0.073592 -0.491103 0.605619
v 0.020287 -0.496172 0.605619
v 0.113438 -0.483456 0.605619
v 0.202523 -0.453412 0.605619
v 0.284350 -0.407116 0.605619
v 0.355985 -0.346228 0.605619
v 0.414865 -0.272913 0.605619
v 0.461908 -0.180136 0.605619
v 0.500000 0.000000 0.635796
v 0.461908 0.180135 0.635796
v 0.414865 0.272913 0.635796
v 0.355985 0.346228 0.635796
v 0.284350 0.407116 0.635796
v 0.202523 0.453412 0.635796
v 0.113438 0.483456 0.635796
v 0.020287 0.496172 0.635796
v -0.073592 0.491103 0.635796
v -0.164833 0.468432 0.635796
v -0.250165 0.428970 0.635796
v -0.326531 0.374133 0.635796
v -0.391194 0.305886 0.635796
v -0.441835 0.226675 0.635796
v -0.476639 0.139339 0.635796
v -0.494358 0.047008 0.635796
v -0.494358 -0.047008 0.635796
v -0.476639 -0.139339 0.635796
v -0.441835 -0.226675 0.635796
v -0.391194 -0.305886 0.635796
v -0.326531 -0.374133 0.635796
v -0.250165 -0.428970 0.635796
v -0.164833 -0.468432 0.635796
v -0.073592 -0.491103 0.635796
v 0.020287 -0.496172 0.635796
v 0.113438 -0.483456 0.635796
v 0.202523 -0.453412 0.635796
v 0.284350 -0.407116 0.635796
v 0.355985 -0.346228 0.635796
v 0.414865 -0.272913 0.635796
v 0.461908 -0.180136 0.635796
v 0.500000 0.000000 0.665973
v 0.461908 0.180136 0.665973
v 0.414865 0.272913 0.665973
v 0.355985 0.346228 0.665973
v 0.284350 0.407116 0.665973
v 0.202524 0.453412 0.665973
v 0.113438 0.483456 0.665973
v 0.020287 0.496172 0.665973
v -0.073592 0.491103 0.665973
v -0.164833 0.468432 0.665973
v -0.250165 0.428970 0.665973
v -0.326531 0.374133 0.665973
v -0.391194 0.305886 0.665973
v -0.441835 0.226675 0.665973
v -0.476639 0.139339 0.665973
v -0.494358 0.047008 0.665973
v -0.494358 -0.047008 0.665973
v -0.476639 -0.139339 0.665973
v -0.441835 -0.226675 0.665973
v -0.391194 -0.305886 0.665973
v -0.326531 -0.374133 0.665973
v -0.250165 -0.428970 0.665973
v -0.164833 -0.468432 0.665973
v -0.073592 -0.491103 0.665973
v 0.020287 -0.496172 0.665973
v 0.113438 -0.483456 0.665973
v 0.202523 -0.453412 0.665973
v 0.284350 -0.407116 0.665973
v 0.355985 -0.346228 0.665973
v 0.414865 -0.272913 0.665973
v 0.461908 -0.180136 0.665973
v 0.500000 0.000000 0.696150
v 0.461908 0.180135 0.696150
v 0.414865 0.272913 0.696150
v 0.355985 0.346228 0.696150
v 0.284350 0.407116 0.696150
v 0.202524 0.453412 0.696150
v 0.113438 0.483456 0.696150
v 0.020287 0.496172 0.696150
v -0.073592 0.491103 0.696150
v -0.164833 0.468432 0.696150
v -0.250165 0.428970 0.696150
v -0.326531 0.374133 0.696150
v -0.391194 0.305886 0.696150
v -0.441835 0.226675 0.696150
v -0.476639 0.139339 0.696150
v -0.494358 0.047008 0.696150
v -0.494358 -0.047008 0.696150
v -0.476639 -0.139339 0.696150
v -0.441835 -0.226675 0.696150
v -0.391194 -0.305886 0.696150
v -0.326532 -0.374133 0.696150
v -0.250165 -0.428970 0.696150
v -0.164833 -0.468432 0.696150
v -0.073592 -0.491103 0.696150
v 0.020287 -0.496172 0.696150
v 0.113438 -0.483456 0.696150
v 0.202523 -0.453412 0.696150
v 0.284350 -0.407116 0.696150
v 0.355985 -0.346228 0.696150
v 0.414865 -0.272913 0.696150
v 0.461908 -0.180136 0.696150
v 0.500000 0.000000 0.726327
v 0.461908 0.180135 0.726327
v 0.414865 0.272913 0.726327
v 0.355985 0.346228 0.726327
v 0.284350 0.407116 0.726327
v 0.202524 0.453412 0.726327
v 0.113438 0.483456 0.726327
v 0.020287 0.496172 0.726327
v -0.073592 0.491103 0.726327
v -0.164833 0.468432 0.726327
v -0.250165 0.428970 0.726327
v -0.326531 0.374133 0.726327
v -0.391194 0.305886 0.726327
v -0.441835 0.226675 0.726327
v -0.476639 0.139339 0.726327
v -0.494358 0.047008 0.726327
v -0.494358 -0.047008 0.726327
v -0.476639 -0.139339 0.726327
v -0.441835 -0.226675 0.726327
v -0.391194 -0.305886 0.726327
v -0.326531 -0.374133 0.726327
v -0.250165 -0.428970 0.726327
v -0.164833 -0.468432 0.726327
v -0.073592 -0.491103 0.726327
v 0.020287 -0.496172 0.726327
v 0.113438 -0.483456 0.726327
v 0.202523 -0.453412 0.726327
v 0.284350 -0.407116 0.726327
v 0.355985 -0.346228 0.726327
v 0.414865 -0.272913 0.726327
v 0.461908 -0.180136 0.726327
v 0.500000 0.000000 0.756504
v 0.461908 0.180135 0.756504
v 0.414865 0.272913 0.756504
v 0.355985 0.346228 0.756504
v 0.284350 0.407116 0.756504
v 0.202523 0.453412 0.756504
v 0.113438 0.483456 0.756504
v 0.020287 0.496172 0.756504
v -0.073592 0.491103 0.756504
v -0.164833 0.468432 0.756504
v -0.250165 0.428970 0.756504
v -0.326531 0.374133 0.756504
v -0.391194 0.305886 0.756504
v -0.441835 0.226675 0.756504
v -0.476639 0.139339 0.756504
v -0.494358 0.047008 0.756504
v -0.494358 -0.047008 0.756504
v -0.476639 -0.139339 0.756504
v -0.441835 -0.226675 0.756504
v -0.391194 -0.305886 0.756504
v -0.326531 -0.374133 0.756504
v -0.250165 -0.428970 0.756504
v -0.164833 -0.468432 0.756504
v -0.073592 -0.491103 0.756504
v 0.020287 -0.496172 0.756504
v 0.113438 -0.483456 0.756504
v 0.202523 -0.453412 0.756504
v 0.284350 -0.407116 0.756504
v 0.355985 -0.346228 0.756504
v 0.414865 -0.272913 0.756504
v 0.461908 -0.180136 0.756504
v 0.500000 0.000000 0.786681
v 0.461908 0.180136 0.786681
v 0.414865 0.272913 0.786681
v 0.355985 0.346228 0.786681
v 0.284350 0.407116 0.786681
v 0.202524 0.453412 0.786681
v 0.113438 0.483456 0.786681
v 0.020287 0.496172 0.786681
v -0.073592 0.491103 0.786681
v -0.164833 0.468432 0.786681
v -0.250165 0.428970 0.786681
v -0.326531 0.374133 0.786681
v -0.391194 0.305886 0.786681
v -0.441835 0.226675 0.786681
v -0.476639 0.139339 0.786681
v -0.494358 0.047008 0.786681
v -0.494358 -0.047008 0.786681
v -0.476639 -0.139339 0.786681
v -0.441835 -0.226675 0.786681
v -0.391194 -0.305886 0.786681
v -0.326531 -0.374133 0.786681
v -0.250165 -0.428970 0.786681
v -0.164833 -0.468432 0.786681
v -0.073592 -0.491103 0.786681
v 0.020287 -0.496172 0.786681
v 0.113438 -0.483456 0.786681
v 0.202523 -0.453412 0.786681
v 0.284350 -0.407116 0.786681
v 0.355985 -0.346228 0.786681
v 0.414865 -0.272913 0.786681
v 0.461908 -0.180136 0.786681
v 0.500000 0.000000 0.816857
v 0.461908 0.180136 0.816857
v 0.414865 0.272913 0.816857
v 0.355985 0.346228 0.816857
v 0.284350 0.407116 0.816857
v 0.202524 0.453412 0.816857
v 0.113438 0.483456 0.816857
v 0.020287 0.496172 0.816857
v -0.073592 0.491103 0.816857
v -0.164833 0.468432 0.816857
v -0.250165 0.428970 0.816857
v -0.326531 0.374133 0.816857
v -0.391194 0.305886 0.816857
v -0.441835 0.226675 0.816857
v -0.476639 0.139339 0.816857
v -0.494358 0.047008 0.816857
v -0.494358 -0.047008 0.816857
v -0.476639 -0.139339 0.816857
v -0.441835 -0.226675 0.816857
v -0.391194 -0.305886 0.816857
v -0.326531 -0.374133 0.816857
v -0.250165 -0.428970 0.816857
v -0.164833 -0.468432 0.816857
v -0.073592 -0.491103 0.816857
v 0.020287 -0.496172 0.816857
v 0.113438 -0.483456 0.816857
v 0.202523 -0.453412 0.816857
v 0.284350 -0.407116 0.816857
v 0.355985 -0.346228 0.816857
v 0.414865 -0.272913 0.816857
v 0.461908 -0.180136 0.816857
v 0.500000 0.000000 0.847034
v 0.461908 0.180135 0.847034
v 0.414865 0.272913 0.847034
v 0.355985 0.346228 0.847034
v 0.284350 0.407116 0.847034
v 0.202523 0.453412 0.847034
v 0.113438 0.483456 0.847034
v 0.020287 0.496172 0.847034
v -0.073592 0.491103 0.847034
v -0.164833 0.468432 0.847034
v -0.250165 0.428970 0.847034
v -0.326531 0.374133 0.847034
v -0.391194 0.305886 0.847034
v -0.441835 0.226675 0.847034
v -0.476639 0.139339 0.847034
v -0.494358 0.047008 0.847034
v -0.494358 -0.047008 0.847034
v -0.476639 -0.139339 0.847034
v -0.441835 -0.226675 0.847034
v -0.391194 -0.305886 0.847034
v -0.326531 -0.374133 0.847034
v -0.250165 -0.428970 0.847034
v -0.164833 -0.468431 0.847034
v -0.073592 -0.491103 0.847034
v 0.020287 -0.496172 0.847034
v 0.113438 -0.483456 0.847034
v 0.202523 -0.453412 0.847034
v 0.284350 -0.407116 0.847034
v 0.355985 -0.346228 0.847034
v 0.414865 -0.272913 0.847034
v 0.461908 -0.180136 0.847034
v 0.500000 0.000000 0.877211
v 0.461908 0.180136 0.877211
v 0.414865 0.272913 0.877211
v 0.355985 0.346228 0.877211
v 0.284350 0.407116 0.877211
v 0.202524 0.453412 0.877211
v 0.113438 0.483456 0.877211
v 0.020287 0.496172 0.877211
v -0.073592 0.491103 0.877211
v -0.164833 0.468432 0.877211
v -0.250165 0.428970 0.877211
v -0.326531 0.374133 0.877211
v -0.391194 0.305886 0.877211
v -0.441835 0.226675 0.877211
v -0.476639 0.139339 0.877211
v -0.494358 0.047008 0.877211
v -0.494358 -0.047008 0.877211
v -0.476639 -0.139339 0.877211
v -0.441835 -0.226675 0.877211
v -0.391194 -0.305886 0.877211
v -0.326531 -0.374133 0.877211
v -0.250165 -0.428970 0.877211
v -0.164833 -0.468432 0.877211
v -0.073592 -0.491103 0.877211
v 0.020287 -0.496172 0.877211
v 0.113438 -0.483456 0.877211
v 0.202523 -0.453412 0.877211
v 0.284350 -0.407116 0.877211
v 0.355985 -0.346228 0.877211
v 0.414865 -0.272913 0.877211
v 0.461908 -0.180136 0.877211
v 0.500000 0.000000 0.907394
v 0.461908 0.180135 0.907394
v 0.414865 0.272913 0.907394
v 0.355985 0.346228 0.907394
v 0.284350 0.407116 0.907394
v 0.202523 0.453412 0.907394
v 0.113438 0.483456 0.907394
v 0.020287 0.496172 0.907394
v -0.073592 0.491103 0.907394
v -0.164833 0.468432 0.907394
v -0.250165 0.428970 0.907394
v -0.326531 0.374133 0.907394
v -0.391194 0.305886 0.907394
v -0.441835 0.226675 0.907394
v -0.476639 0.139339 0.907394
v -0.494358 0.047008 0.907394
v -0.494358 -0.047008 0.907394
v -0.476639 -0.139339 0.907394
v -0.441835 -0.226675 0.907394
v -0.391194 -0.305886 0.907394
v -0.326531 -0.374133 0.907394
v -0.250165 -0.428970 0.907394
v -0.164833 -0.468432 0.907394
v -0.073592 -0.491103 0.907394
v 0.020287 -0.496172 0.907394
v 0.113438 -0.483456 0.907394
v 0.202523 -0.453412 0.907394
v 0.284350 -0.407116 0.907394
v 0.355985 -0.346228 0.907394
v 0.414865 -0.272913 0.907394
v 0.461908 -0.180136 0.907394
v 0.500000 0.000000 0.940811
v 0.461908 0.180135 0.940811
v 0.414865 0.272913 0.940811
v 0.355985 0.346228 0.940811
v 0.284350 0.407116 0.940811
v 0.202524 0.453412 0.940811
v 0.113438 0.483456 0.940811
v 0.020287 0.496172 0.940811
v -0.073592 0.491103 0.940811
v -0.164833 0.468432 0.940811
v -0.250165 0.428970 0.940811
v -0.326531 0.374133 0.940811
v -0.391194 0.305886 0.940811
v -0.441835 0.226675 0.940811
v -0.476639 0.139339 0.940811
v -0.494358 0.047008 0.940811
v -0.494358 -0.047008 0.940811
v -0.476639 -0.139339 0.940811
v -0.441835 -0.226675 0.940811
v -0.391194 -0.305886 0.940811
v -0.326532 -0.374133 0.940811
v -0.250165 -0.428970 0.940811
v -0.164833 -0.468432 0.940811
v -0.073592 -0.491103 0.940811
v 0.020287 -0.496172 0.940811
v 0.113438 -0.483456 0.940811
v 0.202523 -0.453412 0.940811
v 0.284350 -0.407116 0.940811
v 0.355985 -0.346228 0.940811
v 0.414865 -0.272913 0.940811
v 0.461908 -0.180136 0.940811
v 0.500000 0.000000 1.000000
v 0.461908 0.180135 1.000000
v 0.414865 0.272913 1.000000
v 0.355985 0.346228 1.000000
v 0.284350 0.407116 1.000000
v 0.202523 0.453412 1.000000
v 0.113438 0.483456 1.000000
v 0.020287 0.496172 1.000000
v -0.073592 0.491103 1.000000
v -0.164833 0.468432 1.000000
v -0.250165 0.428970 1.000000
v -0.326531 0.374133 1.000000
v -0.391194 0.305886 1.000000
v -0.441835 0.226675 1.000000
v -0.476639 0.139339 1.000000
v -0.494358 0.047008 1.000000
v -0.494358 -0.047008 1.000000
v -0.476639 -0.139339 1.000000
v -0.441835 -0.226675 1.000000
v -0.391194 -0.305886 1.000000
v -0.326531 -0.374133 1.000000
v -0.250165 -0.428970 1.000000
v -0.164833 -0.468432 1.000000
v -0.073592 -0.491103 1.000000
v 0.020287 -0.496172 1.000000
v 0.113438 -0.483456 1.000000
v 0.202523 -0.453412 1.000000
v 0.284350 -0.407116 1.000000
v 0.355985 -0.346228 1.000000
v 0.414865 -0.272913 1.000000
v 0.461908 -0.180136 1.000000
v 0.500000 0.000000 1.000000
v 0.461908 0.180135 1.000000
v 0.414865 0.272913 1.000000
v 0.355985 0.346228 1.000000
v 0.284350 0.407116 1.000000
v 0.202524 0.453412 1.000000
v 0.113438 0.483456 1.000000
v 0.020287 0.496172 1.000000
v -0.073592 0.491103 1.000000
v -0.164833 0.468432 1.000000
v -0.250165 0.428970 1.000000
v -0.326531 0.374133 1.000000
v -0.391194 0.305886 1.000000
v -0.441835 0.226675 1.000000
v -0.476639 0.139339 1.000000
v -0.494358 0.047008 1.000000
v -0.494358 -0.047008 1.000000
v -0.476639 -0.139339 1.000000
v -0.441835 -0.226675 1.000000
v -0.391194 -0.305886 1.000000
v -0.326531 -0.374133 1.000000
v -0.250165 -0.428970 1.000000
v -0.164833 -0.468432 1.000000
v -0.073592 -0.491103 1.000000
v 0.020287 -0.496172 1.000000
v 0.113438 -0.483456 1.000000
v 0.202523 -0.453412 1.000000
v 0.284350 -0.407116 1.000000
v 0.355985 -0.346228 1.000000
v 0.414865 -0.272913 1.000000
v 0.461908 -0.180136 1.000000
v 0.500000 0.000000 1.059189
v 0.461908 0.180135 1.059189
v 0.414865 0.272913 1.059189
v 0.355985 0.346228 1.059189
v 0.284350 0.407116 1.059189
v 0.202523 0.453412 1.059189
v 0.113438 0.483456 1.059189
v 0.020287 0.496172 1.059189
v -0.073592 0.491103 1.059189
v -0.164833 0.468432 1.059189
v -0.250165 0.428970 1.059189
v -0.326531 0.374133 1.059189
v -0.391194 0.305886 1.059189
v -0.441835 0.226675 1.059189
v -0.476639 0.139339 1.059189
v -0.494358 0.047008 1.059189
v -0.494358 -0.047008 1.059189
v -0.476639 -0.139339 1.059189
v -0.441835 -0.226675 1.059189
v -0.391194 -0.305886 1.059189
v -0.326531 -0.374133 1.059189
v -0.250165 -0.428970 1.059189
v -0.164833 -0.468432 1.059189
v -0.073592 -0.491103 1.059189
v 0.020287 -0.496172 1.059189
v 0.113438 -0.483456 1.059189
v 0.202523 -0.453412 1.059189
v 0.284350 -0.407116 1.059189
v 0.355985 -0.346228 1.059189
v 0.414865 -0.272913 1.059189
v 0.461908 -0.180136 1.059189
v 0.500000 0.000000 1.092606
v 0.461908 0.180136 1.092606
v 0.414865 0.272913 1.092606
v 0.355985 0.346228 1.092606
v 0.284350 0.407116 1.092606
v 0.202524 0.453412 1.092606
v 0.113438 0.483456 1.092606
v 0.020287 0.496172 1.092606
v -0.073592 0.491103 1.092606
v -0.164833 0.468432 1.092606
v -0.250165 0.428970 1.092606
v -0.326531 0.374133 1.092606
v -0.391194 0.305886 1.092606
v -0.441835 0.226675 1.092606
v -0.476639 0.139339 1.092606
v -0.494358 0.047008 1.092606
v -0.494358 -0.047008 1.092606
v -0.476639 -0.139339 1.092606
v -0.441835 -0.226675 1.092606
v -0.391194 -0.305886 1.092606
v -0.326531 -0.374133 1.092606
v -0.250165 -0.428970 1.092606
v -0.164833 -0.468432 1.092606
v -0.073592 -0.491103 1.092606
v 0.020287 -0.496172 1.092606
v 0.113438 -0.483456 1.092606
v 0.202523 -0.453412 1.092606
v 0.284350 -0.407116 1.092606
v 0.355985 -0.346228 1.092606
v 0.414865 -0.272913 1.092606
v 0.461908 -0.180136 1.092606
v 0.500000 0.000000 1.122789
v 0.461908 0.180136 1.122789
v 0.414866 0.272913 1.122789
v 0.355985 0.346228 1.122789
v 0.284350 0.407116 1.122789
v 0.202524 0.453412 1.122789
v 0.113438 0.483456 1.122789
v 0.020287 0.496172 1.122789
v -0.073592 0.491103 1.122789
v -0.164833 0.468432 1.122789
v -0.250165 0.428970 1.122789
v -0.326531 0.374133 1.122789
v -0.391194 0.305886 1.122789
v -0.441835 0.226675 1.122789
v -0.476639 0.139339 1.122789
v -0.494358 0.047008 1.122789
v -0.494358 -0.047008 1.122789
v -0.476639 -0.139339 1.122789
v -0.441835 -0.226675 1.122789
v -0.391194 -0.305886 1.122789
v -0.326531 -0.374133 1.122789
v -0.250165 -0.428970 1.122789
v -0.164833 -0.468432 1.122789
v -0.073592 -0.491103 1.122789
v 0.020287 -0.496172 1.122789
v 0.113438 -0.483456 1.122789
v 0.202523 -0.453412 1.122789
v 0.284350 -0.407116 1.122789
v 0.355985 -0.346228 1.122789
v 0.414865 -0.272913 1.122789
v 0.461908 -0.180136 1.122789
v 0.500000 0.000000 1.152966
v 0.461908 0.180136 1.152966
v 0.414865 0.272913 1.152966
v 0.355985 0.346228 1.152966
v 0.284350 0.407116 1.152966
v 0.202524 0.453412 1.152966
v 0.113438 0.483456 1.152966
v 0.020287 0.496172 1.152966
v -0.073592 0.491103 1.152966
v -0.164833 0.468432 1.152966
v -0.250165 0.428970 1.152966
v -0.326531 0.374133 1.152966
v -0.391194 0.305886 1.152966
v -0.441835 0.226675 1.152966
v -0.476639 0.139339 1.152966
v -0.494358 0.047008 1.152966
v -0.494358 -0.047008 1.152966
v -0.476639 -0.139339 1.152966
v -0.441835 -0.226675 1.152966
v -0.391194 -0.305886 1.152966
v -0.326531 -0.374133 1.152966
v -0.250165 -0.428970 1.152966
v -0.164833 -0.468432 1.152966
v -0.073592 -0.491103 1.152966
v 0.020287 -0.496172 1.152965
v 0.113438 -0.483456 1.152966
v 0.202523 -0.453412 1.152966
v 0.284350 -0.407116 1.152966
v 0.355985 -0.346228 1.152966
v 0.414865 -0.272913 1.152966
v 0.461908 -0.180136 1.152966
v 0.500000 0.000000 1.183143
v 0.461908 0.180135 1.183143
v 0.414865 0.272913 1.183143
v 0.355985 0.346228 1.183143
v 0.284350 0.407116 1.183143
v 0.202523 0.453412 1.183143
v 0.113438 0.483456 1.183143
v 0.020287 0.496172 1.183142
v -0.073592 0.491103 1.183143
v -0.164833 0.468432 1.183143
v -0.250165 0.428970 1.183143
v -0.326531 0.374133 1.183143
v -0.391194 0.305886 1.183142
v -0.441835 0.226675 1.183143
v -0.476639 0.139339 1.183143
v -0.494358 0.047008 1.183143
v -0.494358 -0.047008 1.183143
v -0.476639 -0.139339 1.183142
v -0.441835 -0.226675 1.183143
v -0.391194 -0.305886 1.183142
v -0.326531 -0.374133 1.183143
v -0.250165 -0.428970 1.183142
v -0.164833 -0.468432 1.183143
v -0.073592 -0.491103 1.183142
v 0.020287 -0.496172 1.183143
v 0.113438 -0.483456 1.183143
v 0.202523 -0.453412 1.183143
v 0.284350 -0.407116 1.183142
v 0.355985 -0.346228 1.183143
v 0.414865 -0.272913 1.183143
v 0.461908 -0.180136 1.183143
v 0.500000 0.000000 1.213319
v 0.461908 0.180136 1.213319
v 0.414865 0.272913 1.213319
v 0.355985 0.346228 1.213319
v 0.284350 0.407116 1.213320
v 0.202524 0.453412 1.213319
v 0.113438 0.483456 1.213319
v 0.020287 0.496172 1.213319
v -0.073592 0.491103 1.213320
v -0.164833 0.468432 1.213319
v -0.250165 0.428970 1.213319
v -0.326531 0.374133 1.213319
v -0.391194 0.305886 1.213319
v -0.441835 0.226675 1.213319
v -0.476639 0.139339 1.213319
v -0.494358 0.047008 1.213320
v -0.494358 -0.047008 1.213320
v -0.476639 -0.139339 1.213319
v -0.441835 -0.226675 1.213319
v -0.391194 -0.305886 1.213319
v -0.326531 -0.374133 1.213320
v -0.250165 -0.428970 1.213320
v -0.164833 -0.468432 1.213320
v -0.073592 -0.491103 1.213319
v 0.020287 -0.496172 1.213319
v 0.113438 -0.483456 1.213320
v 0.202523 -0.453412 1.213320
v 0.284350 -0.407116 1.213319
v 0.355985 -0.346228 1.213319
v 0.414865 -0.272912 1.213319
v 0.461908 -0.180136 1.213320
v 0.500000 0.000000 1.243496
v 0.461908 0.180135 1.243496
v 0.414865 0.272913 1.243496
v 0.355985 0.346228 1.243496
v 0.284350 0.407116 1.243496
v 0.202523 0.453412 1.243496
v 0.113438 0.483456 1.243496
v 0.020287 0.496172 1.243496
v -0.073592 0.491103 1.243496
v -0.164833 0.468432 1.243496
v -0.250165 0.428970 1.243496
v -0.326531 0.374133 1.243496
v -0.391194 0.305886 1.243496
v -0.441835 0.226675 1.243496
v -0.476639 0.139339 1.243496
v -0.494358 0.047008 1.243496
v -0.494358 -0.047008 1.243496
v -0.476639 -0.139339 1.243496
v -0.441835 -0.226675 1.243496
v -0.391194 -0.305886 1.243496
v -0.326531 -0.374133 1.243496
v -0.250165 -0.428970 1.243496
v -0.164833 -0.468432 1.243496
v -0.073592 -0.491103 1.243496
v 0.020287 -0.496172 1.243496
v 0.113438 -0.483456 1.243496
v 0.202523 -0.453412 1.243496
v 0.284350 -0.407116 1.243496
v 0.355985 -0.346228 1.243496
v 0.414865 -0.272913 1.243496
v 0.461908 -0.180136 1.243496
v 0.500000 0.000000 1.273673
v 0.461908 0.180135 1.273673
v 0.414865 0.272912 1.273673
v 0.355985 0.346228 1.273673
v 0.284350 0.407116 1.273673
v 0.202523 0.453412 1.273673
v 0.113438 0.483456 1.273673
v 0.020287 0.496172 1.273673
v -0.073592 0.491103 1.273673
v -0.164833 0.468432 1.273673
v -0.250165 0.428970 1.273673
v -0.326531 0.374133 1.273673
v -0.391194 0.305886 1.273673
v -0.441835 0.226675 1.273673
v -0.476639 0.139339 1.273673
v -0.494358 0.047008 1.273673
v -0.494358 -0.047008 1.273673
v -0.476639 -0.139339 1.273673
v -0.441835 -0.226675 1.273673
v -0.391194 -0.305886 1.273673
v -0.326531 -0.374133 1.273673
v -0.250165 -0.428970 1.273673
v -0.164833 -0.468432 1.273673
v -0.073592 -0.491103 1.273673
v 0.020287 -0.496172 1.273673
v 0.113438 -0.483456 1.273673
v 0.202523 -0.453412 1.273673
v 0.284350 -0.407116 1.273673
v 0.355985 -0.346228 1.273673
v 0.414865 -0.272913 1.273673
v 0.461908 -0.180136 1.273673
v 0.500000 0.000000 1.303850
v 0.461908 0.180135 1.303850
v 0.414865 0.272913 1.303850
v 0.355985 0.346228 1.303850
v 0.284350 0.407116 1.303850
v 0.202524 0.453412 1.303850
v 0.113438 0.483456 1.303850
v 0.020287 0.496172 1.303850
v -0.073592 0.491103 1.303850
v -0.164833 0.468432 1.303850
v -0.250165 0.428970 1.303850
v -0.326531 0.374133 1.303850
v -0.391194 0.305886 1.303850
v -0.441835 0.226675 1.303850
v -0.476639 0.139339 1.303850
v -0.494358 0.047008 1.303851
v -0.494358 -0.047008 1.303850
v -0.476639 -0.139339 1.303850
v -0.441835 -0.226675 1.303850
v -0.391194 -0.305886 1.303850
v -0.326531 -0.374133 1.303850
v -0.250165 -0.428970 1.303850
v -0.164833 -0.468432 1.303850
v -0.073592 -0.491103 1.303850
v 0.020287 -0.496172 1.303850
v 0.113438 -0.483456 1.303850
v 0.202523 -0.453412 1.303850
v 0.284350 -0.407116 1.303850
v 0.355985 -0.346228 1.303850
v 0.414865 -0.272913 1.303850
v 0.461908 -0.180136 1.303850
v 0.500000 0.000000 1.334027
v 0.461908 0.180136 1.334027
v 0.414865 0.272913 1.334027
v 0.355985 0.346228 1.334027
v 0.284350 0.407116 1.334027
v 0.202524 0.453412 1.334027
v 0.113438 0.483456 1.334027
v 0.020287 0.496172 1.334027
v -0.073592 0.491103 1.334027
v -0.164833 0.468432 1.334027
v -0.250165 0.428970 1.334027
v -0.326531 0.374133 1.334027
v -0.391194 0.305886 1.334027
v -0.441835 0.226675 1.334027
v -0.476639 0.139339 1.334027
v -0.494358 0.047008 1.334027
v -0.494358 -0.047008 1.334027
v -0.476639 -0.139339 1.334027
v -0.441835 -0.226675 1.334027
v -0.391194 -0.305886 1.334027
v -0.326531 -0.374133 1.334027
v -0.250165 -0.428970 1.334027
v -0.164833 -0.468432 1.334027
v -0.073592 -0.491103 1.334027
v 0.020287 -0.496172 1.334027
v 0.113438 -0.483456 1.334027
v 0.202523 -0.453412 1.334027
v 0.284350 -0.407116 1.334027
v 0.355985 -0.346228 1.334027
v 0.414865 -0.272913 1.334027
v 0.461908 -0.180136 1.334027
v 0.500000 0.000000 1.364204
v 0.461908 0.180136 1.364204
v 0.414865 0.272913 1.364204
v 0.355985 0.346228 1.364204
v 0.284350 0.407116 1.364204
v 0.202523 0.453412 1.364204
v 0.113438 0.483456 1.364204
v 0.020287 0.496172 1.364204
v -0.073592 0.491103 1.364204
v -0.164833 0.468432 1.364204
v -0.250165 0.428970 1.364204
v -0.326531 0.374133 1.364204
v -0.391194 0.305886 1.364204
v -0.441835 0.226675 1.364204
v -0.476639 0.139339 1.364204
v -0.494358 0.047008 1.364204
v -0.494358 -0.047008 1.364204
v -0.476639 -0.139339 1.364204
v -0.441835 -0.226675 1.364204
v -0.391194 -0.305886 1.364204
v -0.326531 -0.374133 1.364204
v -0.250165 -0.428970 1.364204
v -0.164833 -0.468432 1.364204
v -0.073592 -0.491103 1.364204
v 0.020287 -0.496172 1.364204
v 0.113438 -0.483456 1.364204
v 0.202523 -0.453412 1.364204
v 0.284350 -0.407116 1.364204
v 0.355985 -0.346228 1.364204
v 0.414865 -0.272913 1.364204
v 0.461908 -0.180136 1.364204
v 0.500000 0.000000 1.394381
v 0.461908 0.180136 1.394381
v 0.414865 0.272913 1.394381
v 0.355985 0.346228 1.394381
v 0.284350 0.407116 1.394381
v 0.202523 0.453412 1.394381
v 0.113438 0.483456 1.394381
v 0.020287 0.496172 1.394381
v -0.073592 0.491103 1.394381
v -0.164833 0.468432 1.394381
v -0.250165 0.428970 1.394381
v -0.326531 0.374133 1.394381
v -0.391194 0.305886 1.394381
v -0.441835 0.226675 1.394381
v -0.476639 0.139339 1.394381
v -0.494358 0.047008 1.394381
v -0.494358 -0.047008 1.394381
v -0.476639 -0.139339 1.394381
v -0.441835 -0.226675 1.394381
v -0.391194 -0.305886 1.394381
v -0.326532 -0.374133 1.394381
v -0.250165 -0.428970 1.394381
v -0.164833 -0.468432 1.394381
v -0.073592 -0.491103 1.394381
v 0.020287 -0.496172 1.394381
v 0.113438 -0.483456 1.394381
v 0.202523 -0.453412 1.394381
v 0.284350 -0.407116 1.394381
v 0.355985 -0.346228 1.394381
v 0.414865 -0.272913 1.394381
v 0.461908 -0.180136 1.394381
v 0.500000 0.000000 1.424558
v 0.461908 0.180136 1.424558
v 0.414865 0.272913 1.424558
v 0.355985 0.346228 1.424558
v 0.284350 0.407116 1.424558
v 0.202524 0.453412 1.424558
v 0.113438 0.483456 1.424557
v 0.020287 0.496172 1.424558
v -0.073592 0.491103 1.424557
v -0.164833 0.468432 1.424558
v -0.250165 0.428970 1.424558
v -0.326531 0.374133 1.424558
v -0.391194 0.305886 1.424557
v -0.441835 0.226675 1.424558
v -0.476639 0.139339 1.424558
v -0.494358 0.047008 1.424558
v -0.494358 -0.047008 1.424558
v -0.476639 -0.139339 1.424558
v -0.441835 -0.226675 1.424558
v -0.391194 -0.305886 1.424558
v -0.326531 -0.374133 1.424558
v -0.250165 -0.428970 1.424558
v -0.164833 -0.468432 1.424558
v -0.073592 -0.491103 1.424558
v 0.020287 -0.496172 1.424558
v 0.113438 -0.483456 1.424558
v 0.202523 -0.453412 1.424558
v 0.284350 -0.407116 1.424558
v 0.355985 -0.346228 1.424558
v 0.414865 -0.272912 1.424558
v 0.461908 -0.180136 1.424558
v 0.500000 0.000000 1.454735
v 0.461908 0.180135 1.454735
v 0.414865 0.272913 1.454735
v 0.355985 0.346228 1.454734
v 0.284350 0.407116 1.454735
v 0.202524 0.453412 1.454735
v 0.113438 0.483456 1.454735
v 0.020287 0.496172 1.454734
v -0.073592 0.491103 1.454734
v -0.164833 0.468432 1.454735
v -0.250165 0.428970 1.454735
v -0.326531 0.374133 1.454735
v -0.391194 0.305886 1.454735
v -0.441835 0.226675 1.454735
v -0.476639 0.139339 1.454735
v -0.494358 0.047008 1.454735
v -0.494358 -0.047008 1.454735
v -0.476639 -0.139339 1.454735
v -0.441835 -0.226675 1.454735
v -0.391194 -0.305886 1.454735
v -0.326531 -0.374133 1.454735
v -0.250165 -0.428970 1.454735
v -0.164833 -0.468432 1.454735
v -0.073592 -0.491103 1.454735
v 0.020287 -0.496172 1.454734
v 0.113438 -0.483456 1.454735
v 0.202523 -0.453412 1.454735
v 0.284350 -0.407116 1.454735
v 0.355985 -0.346228 1.454735
v 0.414865 -0.272913 1.454735
v 0.461908 -0.180136 1.454735
v 0.500000 0.000000 1.484912
v 0.461908 0.180136 1.484912
v 0.414865 0.272913 1.484911
v 0.355985 0.346228 1.484911
v 0.284350 0.407116 1.484912
v 0.202524 0.453412 1.484911
v 0.113438 0.483456 1.484912
v 0.020287 0.496172 1.484912
v -0.073592 0.491103 1.484912
v -0.164833 0.468432 1.484912
v -0.250165 0.428970 1.484912
v -0.326531 0.374133 1.484912
v -0.391194 0.305886 1.484912
v -0.441835 0.226675 1.484912
v -0.476639 0.139339 1.484912
v -0.494358 0.047008 1.484912
v -0.494358 -0.047008 1.484912
v -0.476639 -0.139339 1.484912
v -0.441835 -0.226675 1.484912
v -0.391194 -0.305886 1.484912
v -0.326531 -0.374133 1.484912
v -0.250165 -0.428970 1.484912
v -0.164833 -0.468432 1.484912
v -0.073592 -0.491103 1.484912
v 0.020287 -0.496172 1.484912
v 0.113438 -0.483456 1.484912
v 0.202523 -0.453412 1.484912
v 0.284350 -0.407116 1.484912
v 0.355985 -0.346228 1.484912
v 0.414865 -0.272913 1.484912
v 0.461908 -0.180136 1.484912
v 0.500000 0.000000 1.515088
v 0.461908 0.180136 1.515089
v 0.414865 0.272913 1.515088
v 0.355985 0.346228 1.515089
v 0.284350 0.407116 1.515088
v 0.202524 0.453412 1.515088
v 0.113438 0.483456 1.515088
v 0.020287 0.496172 1.515088
v -0.073592 0.491103 1.515088
v -0.164833 0.468432 1.515088
v -0.250165 0.428970 1.515089
v -0.326531 0.374133 1.515088
v -0.391194 0.305886 1.515088
v -0.441835 0.226675 1.515088
v -0.476639 0.139339 1.515088
v -0.494358 0.047008 1.515088
v -0.494358 -0.047008 1.515088
v -0.476639 -0.139339 1.515088
v -0.441835 -0.226675 1.515089
v -0.391194 -0.305886 1.515088
v -0.326531 -0.374133 1.515089
v -0.250165 -0.428970 1.515088
v -0.164833 -0.468432 1.515089
v -0.073592 -0.491103 1.515089
v 0.020287 -0.496172 1.515088
v 0.113438 -0.483456 1.515089
v 0.202523 -0.453412 1.515088
v 0.284350 -0.407116 1.515089
v 0.355985 -0.346228 1.515088
v 0.414865 -0.272913 1.515088
v 0.461908 -0.180136 1.515088
v 0.500000 0.000000 1.545265
v 0.461908 0.180136 1.545265
v 0.414865 0.272913 1.545265
v 0.355985 0.346228 1.545265
v 0.284350 0.407116 1.545265
v 0.202524 0.453412 1.545265
v 0.113438 0.483456 1.545265
v 0.020287 0.496172 1.545265
v -0.073592 0.491103 1.545265
v -0.164833 0.468432 1.545266
v -0.250165 0.428970 1.545265
v -0.326531 0.374133 1.545265
v -0.391194 0.305886 1.545265
v -0.441835 0.226675 1.545265
v -0.476639 0.139339 1.545265
v -0.494358 0.047008 1.545265
v -0.494358 -0.047008 1.545265
v -0.476639 -0.139339 1.545265
v -0.441835 -0.226675 1.545265
v -0.391194 -0.305886 1.545266
v -0.326531 -0.374133 1.545265
v -0.250165 -0.428970 1.545265
v -0.164833 -0.468432 1.545265
v -0.073592 -0.491103 1.545265
v 0.020287 -0.496172 1.545265
v 0.113438 -0.483456 1.545265
v 0.202523 -0.453412 1.545265
v 0.284350 -0.407116 1.545265
v 0.355985 -0.346228 1.545266
v 0.414865 -0.272913 1.545265
v 0.461908 -0.180136 1.545266
v 0.500000 0.000000 1.575442
v 0.461908 0.180136 1.575442
v 0.414865 0.272913 1.575442
v 0.355985 0.346228 1.575442
v 0.284350 0.407116 1.575442
v 0.202524 0.453412 1.575442
v 0.113438 0.483456 1.575442
v 0.020287 0.496172 1.575442
v -0.073592 0.491103 1.575442
v -0.164833 0.468432 1.575442
v -0.250165 0.428970 1.575443
v -0.326531 0.374133 1.575443
v -0.391194 0.305886 1.575442
v -0.441835 0.226675 1.575442
v -0.476639 0.139339 1.575442
v -0.494358 0.047008 1.575442
v -0.494358 -0.047008 1.575442
v -0.476639 -0.139339 1.575442
v -0.441835 -0.226675 1.575442
v -0.391194 -0.305886 1.575442
v -0.326531 -0.374133 1.575442
v -0.250165 -0.428970 1.575443
v -0.164833 -0.468432 1.575442
v -0.073592 -0.491103 1.575442
v 0.020287 -0.496172 1.575442
v 0.113438 -0.483456 1.575442
v 0.202523 -0.453412 1.575442
v 0.284350 -0.407116 1.575442
v 0.355985 -0.346228 1.575443
v 0.414865 -0.272913 1.575442
v 0.461908 -0.180136 1.575442
v 0.500000 0.000000 1.605619
v 0.461908 0.180135 1.605619
v 0.414865 0.272913 1.605619
v 0.355985 0.346228 1.605619
v 0.284350 0.407116 1.605619
v 0.202523 0.453412 1.605619
v 0.113438 0.483456 1.605619
v 0.020287 0.496172 1.605619
v -0.073592 0.491103 1.605619
v -0.164833 0.468432 1.605619
v -0.250165 0.428970 1.605619
v -0.326531 0.374133 1.605619
v -0.391194 0.305886 1.605619
v -0.441835 0.226675 1.605619
v -0.476639 0.139339 1.605619
v -0.494358 0.047008 1.605619
v -0.494358 -0.047008 1.605619
v -0.476639 -0.139339 1.605619
v -0.441835 -0.226675 1.605619
v -0.391194 -0.305886 1.605619
v -0.326532 -0.374133 1.605619
v -0.250165 -0.428970 1.605619
v -0.164833 -0.468432 1.605619
v -0.073592 -0.491103 1.605619
v 0.020287 -0.496172 1.605619
v 0.113438 -0.483456 1.605619
v 0.202523 -0.453412 1.605619
v 0.284350 -0.407116 1.605619
v 0.355985 -0.346228 1.605619
v 0.414865 -0.272913 1.605619
v 0.461908 -0.180136 1.605619
v 0.500000 0.000000 1.635796
v 0.461908 0.180135 1.635796
v 0.414865 0.272913 1.635796
v 0.355985 0.346228 1.635796
v 0.284350 0.407116 1.635796
v 0.202523 0.453412 1.635796
v 0.113438 0.483456 1.635796
v 0.020287 0.496172 1.635796
v -0.073592 0.491103 1.635796
v -0.164833 0.468432 1.635796
v -0.250165 0.428970 1.635796
v -0.326531 0.374133 1.635796
v -0.391194 0.305886 1.635796
v -0.441835 0.226675 1.635796
v -0.476639 0.139339 1.635796
v -0.494358 0.047008 1.635796
v -0.494358 -0.047008 1.635796
v -0.476639 -0.139339 1.635796
v -0.441835 -0.226675 1.635796
v -0.391194 -0.305886 1.635796
v -0.326531 -0.374133 1.635796
v -0.250165 -0.428970 1.635796
v -0.164833 -0.468432 1.635796
v -0.073592 -0.491103 1.635796
v 0.020287 -0.496172 1.635796
v 0.113438 -0.483456 1.635796
v 0.202523 -0.453412 1.635796
v 0.284350 -0.407116 1.635796
v 0.355985 -0.346228 1.635796
v 0.414865 -0.272913 1.635796
v 0.461908 -0.180136 1.635796
v 0.500000 0.000000 1.665973
v 0.461908 0.180136 1.665973
v 0.414865 0.272913 1.665973
v 0.355985 0.346228 1.665973
v 0.284350 0.407116 1.665973
v 0.202524 0.453412 1.665973
v 0.113438 0.483456 1.665973
v 0.020287 0.496172 1.665973
v -0.073592 0.491103 1.665973
v -0.164833 0.468432 1.665973
v -0.250165 0.428970 1.665973
v -0.326531 0.374133 1.665973
v -0.391194 0.305886 1.665973
v -0.441835 0.226675 1.665973
v -0.476639 0.139339 1.665973
v -0.494358 0.047008 1.665973
v -0.494358 -0.047008 1.665973
v -0.476639 -0.139339 1.665973
v -0.441835 -0.226675 1.665973
v -0.391194 -0.305886 1.665973
v -0.326531 -0.374133 1.665973
v -0.250165 -0.428970 1.665973
v -0.164833 -0.468432 1.665973
v -0.073592 -0.491103 1.665973
v 0.020287 -0.496172 1.665973
v 0.113438 -0.483456 1.665973
v 0.202523 -0.453412 1.665973
v 0.284350 -0.407116 1.665973
v 0.355985 -0.346228 1.665973
v 0.414865 -0.272913 1.665973
v 0.461908 -0.180136 1.665973
v 0.500000 0.000000 1.696150
v 0.461908 0.180135 1.696150
v 0.414865 0.272913 1.696150
v 0.355985 0.346228 1.696150
v 0.284350 0.407116 1.696150
v 0.202524 0.453412 1.696150
v 0.113438 0.483456 1.696150
v 0.020287 0.496172 1.696150
v -0.073592 0.491103 1.696150
v -0.164833 0.468432 1.696150
v -0.250165 0.428970 1.696150
v -0.326531 0.374133 1.696150
v -0.391194 0.305886 1.696150
v -0.441835 0.226675 1.696150
v -0.476639 0.139339 1.696150
v -0.494358 0.047008 1.696150
v -0.494358 -0.047008 1.696150
v -0.476639 -0.139339 1.696150
v -0.441835 -0.226675 1.696150
v -0.391194 -0.305886 1.696150
v -0.326532 -0.374133 1.696150
v -0.250165 -0.428970 1.696150
v -0.164833 -0.468432 1.696150
v -0.073592 -0.491103 1.696150
v 0.020287 -0.496172 1.696150
v 0.113438 -0.483456 1.696150
v 0.202523 -0.453412 1.696150
v 0.284350 -0.407116 1.696150
v 0.355985 -0.346228 1.696150
v 0.414865 -0.272913 1.696150
v 0.461908 -0.180136 1.696150
v 0.500000 0.000000 1.726327
v 0.461908 0.180135 1.726327
v 0.414865 0.272913 1.726327
v 0.355985 0.346228 1.726327
v 0.284350 0.407116 1.726327
v 0.202524 0.453412 1.726327
v 0.113438 0.483456 1.726327
v 0.020287 0.496172 1.726327
v -0.073592 0.491103 1.726327
v -0.164833 0.468432 1.726327
v -0.250165 0.428970 1.726327
v -0.326531 0.374133 1.726327
v -0.391194 0.305886 1.726327
v -0.441835 0.226675 1.726327
v -0.476639 0.139339 1.726327
v -0.494358 0.047008 1.726327
v -0.494358 -0.047008 1.726327
v -0.476639 -0.139339 1.726327
v -0.441835 -0.226675 1.726327
v -0.391194 -0.305886 1.726327
v -0.326531 -0.374133 1.726327
v -0.250165 -0.428970 1.726327
v -0.164833 -0.468432 1.726327
v -0.073592 -0.491103 1.726327
v 0.020287 -0.496172 1.726327
v 0.113438 -0.483456 1.726327
v 0.202523 -0.453412 1.726327
v 0.284350 -0.407116 1.726327
v 0.355985 -0.346228 1.726327
v 0.414865 -0.272913 1.726327
v 0.461908 -0.180136 1.726327
v 0.500000 0.000000 1.756504
v 0.461908 0.180135 1.756503
v 0.414865 0.272913 1.756503
v 0.355985 0.346228 1.756503
v 0.284350 0.407116 1.756504
v 0.202523 0.453412 1.756503
v 0.113438 0.483456 1.756503
v 0.020287 0.496172 1.756503
v -0.073592 0.491103 1.756503
v -0.164833 0.468432 1.756504
v -0.250165 0.428970 1.756504
v -0.326531 0.374133 1.756503
v -0.391194 0.305886 1.756503
v -0.441835 0.226675 1.756504
v -0.476639 0.139339 1.756503
v -0.494358 0.047008 1.756503
v -0.494358 -0.047008 1.756504
v -0.476639 -0.139339 1.756503
v -0.441835 -0.226675 1.756504
v -0.391194 -0.305886 1.756503
v -0.326531 -0.374133 1.756504
v -0.250165 -0.428970 1.756504
v -0.164833 -0.468432 1.756504
v -0.073592 -0.491103 1.756504
v 0.020287 -0.496172 1.756503
v 0.113438 -0.483456 1.756504
v 0.202523 -0.453412 1.756503
v 0.284350 -0.407116 1.756503
v 0.355985 -0.346228 1.756504
v 0.414865 -0.272913 1.756503
v 0.461908 -0.180136 1.756504
v 0.500000 0.000000 1.786681
v 0.461908 0.180136 1.786680
v 0.414865 0.272913 1.786681
v 0.355985 0.346228 1.786680
v 0.284350 0.407116 1.786681
v 0.202524 0.453412 1.786681
v 0.113438 0.483456 1.786680
v 0.020287 0.496172 1.786680
v -0.073592 0.491103 1.786681
v -0.164833 0.468432 1.786681
v -0.250165 0.428970 1.786681
v -0.326531 0.374133 1.786681
v -0.391194 0.305886 1.786681
v -0.441835 0.226675 1.786681
v -0.476639 0.139339 1.786681
v -0.494358 0.047008 1.786681
v -0.494358 -0.047008 1.786681
v -0.476639 -0.139339 1.786681
v -0.441835 -0.226675 1.786681
v -0.391194 -0.305886 1.786681
v -0.326531 -0.374133 1.786681
v -0.250165 -0.428970 1.786681
v -0.164833 -0.468432 1.786681
v -0.073592 -0.491103 1.786681
v 0.020287 -0.496172 1.786680
v 0.113438 -0.483456 1.786681
v 0.202523 -0.453412 1.786681
v 0.284350 -0.407116 1.786681
v 0.355985 -0.346228 1.786681
v 0.414865 -0.272913 1.786681
v 0.461908 -0.180136 1.786681
v 0.500000 0.000000 1.816857
v 0.461908 0.180136 1.816857
v 0.414865 0.272913 1.816857
v 0.355985 0.346228 1.816857
v 0.284350 0.407116 1.816857
v 0.202524 0.453412 1.816857
v 0.113438 0.483456 1.816857
v 0.020287 0.496172 1.816857
v -0.073592 0.491103 1.816857
v -0.164833 0.468432 1.816857
v -0.250165 0.428970 1.816857
v -0.326531 0.374133 1.816858
v -0.391194 0.305886 1.816857
v -0.441835 0.226675 1.816857
v -0.476639 0.139339 1.816857
v -0.494358 0.047008 1.816857
v -0.494358 -0.047008 1.816857
v -0.476639 -0.139339 1.816857
v -0.441835 -0.226675 1.816857
v -0.391194 -0.305886 1.816857
v -0.326531 -0.374133 1.816857
v -0.250165 -0.428970 1.816858
v -0.164833 -0.468432 1.816857
v -0.073592 -0.491103 1.816857
v 0.020287 -0.496172 1.816857
v 0.113438 -0.483456 1.816857
v 0.202523 -0.453412 1.816857
v 0.284350 -0.407116 1.816857
v 0.355985 -0.346228 1.816857
v 0.414865 -0.272913 1.816857
v 0.461908 -0.180136 1.816858
v 0.500000 0.000000 1.847034
v 0.461908 0.180135 1.847034
v 0.414865 0.272913 1.847034
v 0.355985 0.346228 1.847034
v 0.284350 0.407116 1.847035
v 0.202523 0.453412 1.847034
v 0.113438 0.483456 1.847034
v 0.020287 0.496172 1.847034
v -0.073592 0.491103 1.847034
v -0.164833 0.468432 1.847034
v -0.250165 0.428970 1.847034
v -0.326531 0.374133 1.847034
v -0.391194 0.305886 1.847034
v -0.441835 0.226675 1.847034
v -0.476639 0.139339 1.847034
v -0.494358 0.047008 1.847034
v -0.494358 -0.047008 1.847034
v -0.476639 -0.139339 1.847034
v -0.441835 -0.226675 1.847034
v -0.391194 -0.305886 1.847034
v -0.326531 -0.374133 1.847034
v -0.250165 -0.428970 1.847034
v -0.164833 -0.468431 1.847034
v -0.073592 -0.491103 1.847034
v 0.020287 -0.496172 1.847034
v 0.113438 -0.483456 1.847034
v 0.202523 -0.453412 1.847034
v 0.284350 -0.407116 1.847034
v 0.355985 -0.346228 1.847034
v 0.414865 -0.272913 1.847034
v 0.461908 -0.180136 1.847034
v 0.500000 0.000000 1.877211
v 0.461908 0.180136 1.877211
v 0.414865 0.272913 1.877211
v 0.355985 0.346228 1.877211
v 0.284350 0.407116 1.877211
v 0.202524 0.453412 1.877211
v 0.113438 0.483456 1.877211
v 0.020287 0.496172 1.877211
v -0.073592 0.491103 1.877211
v -0.164833 0.468432 1.877211
v -0.250165 0.428970 1.877212
v -0.326531 0.374133 1.877211
v -0.391194 0.305886 1.877211
v -0.441835 0.226675 1.877211
v -0.476639 0.139339 1.877211
v -0.494358 0.047008 1.877212
v -0.494358 -0.047008 1.877211
v -0.476639 -0.139339 1.877211
v -0.441835 -0.226675 1.877211
v -0.391194 -0.305886 1.877211
v -0.326531 -0.374133 1.877212
v -0.250165 -0.428970 1.877211
v -0.164833 -0.468432 1.877211
v -0.073592 -0.491103 1.877211
v 0.020287 -0.496172 1.877211
v 0.113438 -0.483456 1.877212
v 0.202523 -0.453412 1.877211
v 0.284350 -0.407116 1.877211
v 0.355985 -0.346228 1.877211
v 0.414865 -0.272913 1.877211
v 0.461908 -0.180136 1.877211
v 0.500000 0.000000 1.907394
v 0.461908 0.180135 1.907394
v 0.414865 0.272913 1.907394
v 0.355985 0.346228 1.907394
v 0.284350 0.407116 1.907394
v 0.202523 0.453412 1.907394
v 0.113438 0.483456 1.907394
v 0.020287 0.496172 1.907393
v -0.073592 0.491103 1.907394
v -0.164833 0.468432 1.907394
v -0.250165 0.428970 1.907394
v -0.326531 0.374133 1.907394
v -0.391194 0.305886 1.907394
v -0.441835 0.226675 1.907394
v -0.476639 0.139339 1.907394
v -0.494358 0.047008 1.907394
v -0.494358 -0.047008 1.907394
v -0.476639 -0.139339 1.907394
v -0.441835 -0.226675 1.907394
v -0.391194 -0.305886 1.907394
v -0.326531 -0.374133 1.907394
v -0.250165 -0.428970 1.907394
v -0.164833 -0.468432 1.907394
v -0.073592 -0.491103 1.907394
v 0.020287 -0.496172 1.907394
v 0.113438 -0.483456 1.907394
v 0.202523 -0.453412 1.907394
v 0.284350 -0.407116 1.907394
v 0.355985 -0.346228 1.907394
v 0.414865 -0.272913 1.907394
v 0.461908 -0.180136 1.907394
v 0.500000 0.000000 1.940811
v 0.461908 0.180135 1.940811
v 0.414865 0.272913 1.940810
v 0.355985 0.346228 1.940811
v 0.284350 0.407116 1.940811
v 0.202524 0.453412 1.940811
v 0.113438 0.483456 1.940811
v 0.020287 0.496172 1.940811
v -0.073592 0.491103 1.940811
v -0.164833 0.468432 1.940811
v -0.250165 0.428970 1.940811
v -0.326531 0.374133 1.940811
v -0.391194 0.305886 1.940810
v -0.441835 0.226675 1.940811
v -0.476639 0.139339 1.940811
v -0.494358 0.047008 1.940811
v -0.494358 -0.047008 1.940811
v -0.476639 -0.139339 1.940811
v -0.441835 -0.226675 1.940811
v -0.391194 -0.305886 1.940811
v -0.326532 -0.374133 1.940811
v -0.250165 -0.428970 1.940811
v -0.164833 -0.468432 1.940811
v -0.073592 -0.491103 1.940811
v 0.020287 -0.496172 1.940810
v 0.113438 -0.483456 1.940811
v 0.202523 -0.453412 1.940811
v 0.284350 -0.407116 1.940811
v 0.355985 -0.346228 1.940811
v 0.414865 -0.272913 1.940810
v 0.461908 -0.180136 1.940811
v 0.500000 0.000000 2.000000
v 0.461908 0.180135 2.000000
v 0.414865 0.272913 2.000000
v 0.355985 0.346228 2.000000
v 0.284350 0.407116 2.000000
v 0.202523 0.453412 2.000000
v 0.113438 0.483456 2.000000
v 0.020287 0.496172 2.000000
v -0.073592 0.491103 2.000000
v -0.164833 0.468432 2.000000
v -0.250165 0.428970 2.000000
v -0.326531 0.374133 2.000000
v -0.391194 0.305886 2.000000
v -0.441835 0.226675 2.000000
v -0.476639 0.139339 2.000000
v -0.494358 0.047008 2.000000
v -0.494358 -0.047008 2.000000
v -0.476639 -0.139339 2.000000
v -0.441835 -0.226675 2.000000
v -0.391194 -0.305886 2.000000
v -0.326531 -0.374133 2.000000
v -0.250165 -0.428970 2.000000
v -0.164833 -0.468432 2.000000
v -0.073592 -0.491103 2.000000
v 0.020287 -0.496172 2.000000
v 0.113438 -0.483456 2.000000
v 0.202523 -0.453412 2.000000
v 0.284350 -0.407116 2.000000
v 0.355985 -0.346228 2.000000
v 0.414865 -0.272913 2.000000
v 0.461908 -0.180136 2.000000
f 1 2 33
f 1 33 32
f 2 3 34
f 2 34 33
f 3 4 35
f 3 35 34
f 4 5 36
f 4 36 35
f 5 6 37
f 5 37 36
f 6 7 38
f 6 38 37
f 7 8 39
f 7 39 38
f 8 9 40
f 8 40 39
f 9 10 41
f 9 41 40
f 10 11 42
f 10 42 41
f 11 12 43
f 11 43 42
f 12 13 44
f 12 44 43
f 13 14 45
f 13 45 44
f 14 15 46
f 14 46 45
f 15 16 47
f 15 47 46
f 16 17 48
f 16 48 47
f 17 18 49
f 17 49 48
f 18 19 50
f 18 50 49
f 19 20 51
f 19 51 50
f 20 21 52
f 20 52 51
f 21 22 53
f 21 53 52
f 22 23 54
f 22 54 53
f 23 24 55
f 23 55 54
f 24 25 56
f 24 56 55
f 25 26 57
f 25 57 56
f 26 27 58
f 26 58 57
f 27 28 59
f 27 59 58
f 28 29 60
f 28 60 59
f 29 30 61
f 29 61 60
f 30 31 62
f 30 62 61
f 31 1 32
f 31 32 62
f 1 1 32
f 1 32 32
f 32 33 64
f 32 64 63
f 33 34 65
f 33 65 64
f 34 35 66
f 34 66 65
f 35 36 67
f 35 67 66
f 36 37 68
f 36 68 67
f 37 38 69
f 37 69 68
f 38 39 70
f 38 70 69
f 39 40 71
f 39 71 70
f 40 41 72
f 40 72 71
f 41 42 73
f 41 73 72
f 42 43 74
f 42 74 73
f 43 44 75
f 43 75 74
f 44 45 76
f 44 76 75
f 45 46 77
f 45 77 76
f 46 47 78
f 46 78 77
f 47 48 79
f 47 79 78
f 48 49 80
f 48 80 79
f 49 50 81
f 49 81 80
f 50 51 82
f 50 82 81
f 51 52 83
f 51 83 82
f 52 53 84
f 52 84 83
f 53 54 85
f 53 85 84
f 54 55 86
f 54 86 85
f 55 56 87
f 55 87 86
f 56 57 88
f 56 88 87
f 57 58 89
f 57 89 88
f 58 59 90
f 58 90 89
f 59 60 91
f 59 91 90
f 60 61 92
f 60 92 91
f 61 62 93
f 61 93 92
f 62 32 63
f 62 63 93
f 32 32 63
f 32 63 63
f 63 64 95
f 63 95 94
f 64 65 96
f 64 96 95
f 65 66 97
f 65 97 96
f 66 67 98
f 66 98 97
f 67 68 99
f 67 99 98
f 68 69 100
f 68 100 99
f 69 70 101
f 69 101 100
f 70 71 102
f 70 102 101
f 71 72 103
f 71 103 102
f 72 73 104
f 72 104 103
f 73 74 105
f 73 105 104
f 74 75 106
f 74 106 105
f 75 76 107
f 75 107 106
f 76 77 108
f 76 108 107
f 77 78 109
f 77 109 108
f 78 79 110
f 78 110 109
f 79 80 111
f 79 111 110
f 80 81 112
f 80 112 111
f 81 82 113
f 81 113 112
f 82 83 114
f 82 114 113
f 83 84 115
f 83 115 114
f 84 85 116
f 84 116 115
f 85 86 117
f 85 117 116
f 86 87 118
f 86 118 117
f 87 88 119
f 87 119 118
f 88 89 120
f 88 120 119
f 89 90 121
f 89 121 120
f 90 91 122
f 90 122 121
f 91 92 123
f 91 123 122
f 92 93 124
f 92 124 123
f 93 63 94
f 93 94 124
f 63 63 94
f 63 94 94
f 94 95 126
f 94 126 125
f 95 96 127
f 95 127 126
f 96 97 128
f 96 128 127
f 97 98 129
f 97 129 128
f 98 99 130
f 98 130 129
f 99 100 131
f 99 131 130
f 100 101 132
f 100 132 131
f 101 102 133
f 101 133 132
f 102 103 134
f 102 134 133
f 103 104 135
f 103 135 134
f 104 105 136
f 104 136 135
f 105 106 137
f 105 137 136
f 106 107 138
f 106 138 137
f 107 108 139
f 107 139 138
f 108 109 140
f 108 140 139
f 109 110 141
f 109 141 140
f 110 111 142
f 110 142 141
f 111 112 143
f 111 143 142
f 112 113 144
f 112 144 143
f 113 114 145
f 113 145 144
f 114 115 146
f 114 146 145
f 115 116 147
f 115 147 146
f 116 117 148
f 116 148 147
f 117 118 149
f 117 149 148
f 118 119 150
f 118 150 149
f 119 120 151
f 119 151 150
f 120 121 152
f 120 152 151
f 121 122 153
f 121 153 152
f 122 123 154
f 122 154 153
f 123 124 155
f 123 155 154
f 124 94 125
f 124 125 155
f 94 94 125
f 94 125 125
f 125 126 157
f 125 157 156
f 126 127 158
f 126 158 157
f 127 128 159
f 127 159 158
f 128 129 160
f 128 160 159
f 129 130 161
f 129 161 160
f 130 131 162
f 130 162 161
f 131 132 163
f 131 163 162
f 132 133 164
f 132 164 163
f 133 134 165
f 133 165 164
f 134 135 166
f 134 166 165
f 135 136 167
f 135 167 166
f 136 137 168
f 136 168 167
f 137 138 169
f 137 169 168
f 138 139 170
f 138 170 169
f 139 140 171
f 139 171 170
f 140 141 172
f 140 172 171
f 141 142 173
f 141 173 172
f 142 143 174
f 142 174 173
f 143 144 175
f 143 175 174
f 144 145 176
f 144 176 175
f 145 146 177
f 145 177 176
f 146 147 178
f 146 178 177
f 147 148 179
f 147 179 178
f 148 149 180
f 148 180 179
f 149 150 181
f 149 181 180
f 150 151 182
f 150 182 181
f 151 152 183
f 151 183 182
f 152 153 184
f 152 184 183
f 153 154 185
f 153 185 184
f 154 155 186
f 154 186 185
f 155 125 156
f 155 156 186
f 125 125 156
f 125 156 156
f 156 157 188
f 156 188 187
f 157 158 189
f 157 189 188
f 158 159 190
f 158 190 189
f 159 160 191
f 159 191 190
f 160 161 192
f 160 192 191
f 161 162 193
f 161 193 192
f 162 163 194
f 162 194 193
f 163 164 195
f 163 195 194
f 164 165 196
f 164 196 195
f 165 166 197
f 165 197 196
f 166 167 198
f 166 198 197
f 167 168 199
f 167 199 198
f 168 169 200
f 168 200 199
f 169 170 201
f 169 201 200
f 170 171 202
f 170 202 201
f 171 172 203
f 171 203 202
f 172 173 204
f 172 204 203
f 173 174 205
f 173 205 204
f 174 175 206
f 174 206 205
f 175 176 207
f 175 207 206
f 176 177 208
f 176 208 207
f 177 178 209
f 177 209 208
f 178 179 210
f 178 210 209
f 179 180 211
f 179 211 210
f 180 181 212
f 180 212 211
f 181 182 213
f 181 213 212
f 182 183 214
f 182 214 213
f 183 184 215
f 183 215 214
f 184 185 216
f 184 216 215
f 185 186 217
f 185 217 216
f 186 156 187
f 186 187 217
f 156 156 187
f 156 187 187
f 187 188 219
f 187 219 218
f 188 189 220
f 188 220 219
f 189 190 221
f 189 221 220
f 190 191 222
f 190 222 221
f 191 192 223
f 191 223 222
f 192 193 224
f 192 224 223
f 193 194 225
f 193 225 224
f 194 195 226
f 194 226 225
f 195 196 227
f 195 227 226
f 196 197 228
f 196 228 227
f 197 198 229
f 197 229 228
f 198 199 230
f 198 230 229
f 199 200 231
f 199 231 230
f 200 201 232
f 200 232 231
f 201 202 233
f 201 233 232
f 202 203 234
f 202 234 233
f 203 204 235
f 203 235 234
f 204 205 236
f 204 236 235
f 205 206 237
f 205 237 236
f 206 207 238
f 206 238 237
f 207 208 239
f 207 239 238
f 208 209 240
f 208 240 239
f 209 210 241
f 209 241 240
f 210 211 242
f 210 242 241
f 211 212 243
f 211 243 242
f 212 213 244
f 212 244 243
f 213 214 245
f 213 245 244
f 214 215 246
f 214 246 245
f 215 216 247
f 215 247 246
f 216 217 248
f 216 248 247
f 217 187 218
f 217 218 248
f 187 187 218
f 187 218 218
f 218 219 250
f 218 250 249
f 219 220 251
f 219 251 250
f 220 221 252
f 220 252 251
f 221 222 253
f 221 253 252
f 222 223 254
f 222 254 253
f 223 224 255
f 223 255 254
f 224 225 256
f 224 256 255
f 225 226 257
f 225 257 256
f 226 227 258
f 226 258 257
f 227 228 259
f 227 259 258
f 228 229 260
f 228 260 259
f 229 230 261
f 229 261 260
f 230 231 262
f 230 262 261
f 231 232 263
f 231 263 262
f 232 233 264
f 232 264 263
f 233 234 265
f 233 265 264
f 234 235 266
f 234 266 265
f 235 236 267
f 235 267 266
f 236 237 268
f 236 268 267
f 237 238 269
f 237 269 268
f 238 239 270
f 238 270 269
f 239 240 271
f 239 271 270
f 240 241 272
f 240 272 271
f 241 242 273
f 241 273 272
f 242 243 274
f 242 274 273
f 243 244 275
f 243 275 274
f 244 245 276
f 244 276 275
f 245 246 277
f 245 277 276
f 246 247 278
f 246 278 277
f 247 248 279
f 247 279 278
f 248 218 249
f 248 249 279
f 218 218 249
f 218 249 249
f 249 250 281
f 249 281 280
f 250 251 282
f 250 282 281
f 251 252 283
f 251 283 282
f 252 253 284
f 252 284 283
f 253 254 285
f 253 285 284
f 254 255 286
f 254 286 285
f 255 256 287
f 255 287 286
f 256 257 288
f 256 288 287
f 257 258 289
f 257 289 288
f 258 259 290
f 258 290 289
f 259 260 291
f 259 291 290
f 260 261 292
f 260 292 291
f 261 262 293
f 261 293 292
f 262 263 294
f 262 294 293
f 263 264 295
f 263 295 294
f 264 265 296
f 264 296 295
f 265 266 297
f 265 297 296
f 266 267 298
f 266 298 297
f 267 268 299
f 267 299 298
f 268 269 300
f 268 300 299
f 269 270 301
f 269 301 300
f 270 271 302
f 270 302 301
f 271 272 303
f 271 303 302
f 272 273 304
f 272 304 303
f 273 274 305
f 273 305 304
f 274 275 306
f 274 306 305
f 275 276 307
f 275 307 306
f 276 277 308
f 276 308 307
f 277 278 309
f 277 309 308
f 278 279 310
f 278 310 309
f 279 249 280
f 279 280 310
f 249 249 280
f 249 280 280
f 280 281 312
f 280 312 311
f 281 282 313
f 281 313 312
f 282 283 314
f 282 314 313
f 283 284 315
f 283 315 314
f 284 285 316
f 284 316 315
f 285 286 317
f 285 317 316
f 286 287 318
f 286 318 317
f 287 288 319
f 287 319 318
f 288 289 320
f 288 320 319
f 289 290 321
f 289 321 320
f 290 291 322
f 290 322 321
f 291 292 323
f 291 323 322
f 292 293 324
f 292 324 323
f 293 294 325
f 293 325 324
f 294 295 326
f 294 326 325
f 295 296 327
f 295 327 326
f 296 297 328
f 296 328 327
f 297 298 329
f 297 329 328
f 298 299 330
f 298 330 329
f 299 300 331
f 299 331 330
f 300 301 332
f 300 332 331
f 301 302 333
f 301 333 332
f 302 303 334
f 302 334 333
f 303 304 335
f 303 335 334
f 304 305 336
f 304 336 335
f 305 306 337
f 305 337 336
f 306 307 338
f 306 338 337
f 307 308 339
f 307 339 338
f 308 309 340
f 308 340 339
f 309 310 341
f 309 341 340
f 310 280 311
f 310 311 341
f 280 280 311
f 280 311 311
f 311 312 343
f 311 343 342
f 312 313 344
f 312 344 343
f 313 314 345
f 313 345 344
f 314 315 346
f 314 346 345
f 315 316 347
f 315 347 346
f 316 317 348
f 316 348 347
f 317 318 349
f 317 349 348
f 318 319 350
f 318 350 349
f 319 320 351
f 319 351 350
f 320 321 352
f 320 352 351
f 321 322 353
f 321 353 352
f 322 323 354
f 322 354 353
f 323 324 355
f 323 355 354
f 324 325 356
f 324 356 355
f 325 326 357
f 325 357 356
f 326 327 358
f 326 358 357
f 327 328 359
f 327 359 358
f 328 329 360
f 328 360 359
f 329 330 361
f 329 361 360
f 330 331 362
f 330 362 361
f 331 332 363
f 331 363 362
f 332 333 364
f 332 364 363
f 333 334 365
f 333 365 364
f 334 335 366
f 334 366 365
f 335 336 367
f 335 367 366
f 336 337 368
f 336 368 367
f 337 338 369
f 337 369 368
f 338 339 370
f 338 370 369
f 339 340 371
f 339 371 370
f 340 341 372
f 340 372 371
f 341 311 342
f 341 342 372
f 311 311 342
f 311 342 342
f 342 343 374
f 342 374 373
f 343 344 375
f 343 375 374
f 344 345 376
f 344 376 375
f 345 346 377
f 345 377 376
f 346 347 378
f 346 378 377
f 347 348 379
f 347 379 378
f 348 349 380
f 348 380 379
f 349 350 381
f 349 381 380
f 350 351 382
f 350 382 381
f 351 352 383
f 351 383 382
f 352 353 384
f 352 384 383
f 353 354 385
f 353 385 384
f 354 355 386
f 354 386 385
f 355 356 387
f 355 387 386
f 356 357 388
f 356 388 387
f 357 358 389
f 357 389 388
f 358 359 390
f 358 390 389
f 359 360 391
f 359 391 390
f 360 361 392
f 360 392 391
f 361 362 393
f 361 393 392
f 362 363 394
f 362 394 393
f 363 364 395
f 363 395 394
f 364 365 396
f 364 396 395
f 365 366 397
f 365 397 396
f 366 367 398
f 366 398 397
f 367 368 399
f 367 399 398
f 368 369 400
f 368 400 399
f 369 370 401
f 369 401 400
f 370 371 402
f 370 402 401
f 371 372 403
f 371 403 402
f 372 342 373
f 372 373 403
f 342 342 373
f 342 373 373
f 373 374 405
f 373 405 404
f 374 375 406
f 374 406 405
f 375 376 407
f 375 407 406
f 376 377 408
f 376 408 407
f 377 378 409
f 377 409 408
f 378 379 410
f 378 410 409
f 379 380 411
f 379 411 410
f 380 381 412
f 380 412 411
f 381 382 413
f 381 413 412
f 382 383 414
f 382 414 413
f 383 384 415
f 383 415 414
f 384 385 416
f 384 416 415
f 385 386 417
f 385 417 416
f 386 387 418
f 386 418 417
f 387 388 419
f 387 419 418
f 388 389 420
f 388 420 419
f 389 390 421
f 389 421 420
f 390 391 422
f 390 422 421
f 391 392 423
f 391 423 422
f 392 393 424
f 392 424 423
f 393 394 425
f 393 425 424
f 394 395 426
f 394 426 425
f 395 396 427
f 395 427 426
f 396 397 428
f 396 428 427
f 397 398 429
f 397 429 428
f 398 399 430
f 398 430 429
f 399 400 431
f 399 431 430
f 400 401 432
f 400 432 431
f 401 402 433
f 401 433 432
f 402 403 434
f 402 434 433
f 403 373 404
f 403 404 434
f 373 373 404
f 373 404 404
f 404 405 436
f 404 436 435
f 405 406 437
f 405 437 436
f 406 407 438
f 406 438 437
f 407 408 439
f 407 439 438
f 408 409 440
f 408 440 439
f 409 410 441
f 409 441 440
f 410 411 442
f 410 442 441
f 411 412 443
f 411 443 442
f 412 413 444
f 412 444 443
f 413 414 445
f 413 445 444
f 414 415 446
f 414 446 445
f 415 416 447
f 415 447 446
f 416 417 448
f 416 448 447
f 417 418 449
f 417 449 448
f 418 419 450
f 418 450 449
f 419 420 451
f 419 451 450
f 420 421 452
f 420 452 451
f 421 422 453
f 421 453 452
f 422 423 454
f 422 454 453
f 423 424 455
f 423 455 454
f 424 425 456
f 424 456 455
f 425 426 457
f 425 457 456
f 426 427 458
f 426 458 457
f 427 428 459
f 427 459 458
f 428 429 460
f 428 460 459
f 429 430 461
f 429 461 460
f 430 431 462
f 430 462 461
f 431 432 463
f 431 463 462
f 432 433 464
f 432 464 463
f 433 434 465
f 433 465 464
f 434 404 435
f 434 435 465
f 404 404 435
f 404 435 435
f 435 436 467
f 435 467 466
f 436 437 468
f 436 468 467
f 437 438 469
f 437 469 468
f 438 439 470
f 438 470 469
f 439 440 471
f 439 471 470
f 440 441 472
f 440 472 471
f 441 442 473
f 441 473 472
f 442 443 474
f 442 474 473
f 443 444 475
f 443 475 474
f 444 445 476
f 444 476 475
f 445 446 477
f 445 477 476
f 446 447 478
f 446 478 477
f 447 448 479
f 447 479 478
f 448 449 480
f 448 480 479
f 449 450 481
f 449 481 480
f 450 451 482
f 450 482 481
f 451 452 483
f 451 483 482
f 452 453 484
f 452 484 483
f 453 454 485
f 453 485 484
f 454 455 486
f 454 486 485
f 455 456 487
f 455 487 486
f 456 457 488
f 456 488 487
f 457 458 489
f 457 489 488
f 458 459 490
f 458 490 489
f 459 460 491
f 459 491 490
f 460 461 492
f 460 492 491
f 461 462 493
f 461 493 492
f 462 463 494
f 462 494 493
f 463 464 495
f 463 495 494
f 464 465 496
f 464 496 495
f 465 435 466
f 465 466 496
f 435 435 466
f 435 466 466
f 466 467 498
f 466 498 497
f 467 468 499
f 467 499 498
f 468 469 500
f 468 500 499
f 469 470 501
f 469 501 500
f 470 471 502
f 470 502 501
f 471 472 503
f 471 503 502
f 472 473 504
f 472 504 503
f 473 474 505
f 473 505 504
f 474 475 506
f 474 506 505
f 475 476 507
f 475 507 506
f 476 477 508
f 476 508 507
f 477 478 509
f 477 509 508
f 478 479 510
f 478 510 509
f 479 480 511
f 479 511 510
f 480 481 512
f 480 512 511
f 481 482 513
f 481 513 512
f 482 483 514
f 482 514 513
f 483 484 515
f 483 515 514
f 484 485 516
f 484 516 515
f 485 486 517
f 485 517 516
f 486 487 518
f 486 518 517
f 487 488 519
f 487 519 518
f 488 489 520
f 488 520 519
f 489 490 521
f 489 521 520
f 490 491 522
f 490 522 521
f 491 492 523
f 491 523 522
f 492 493 524
f 492 524 523
f 493 494 525
f 493 525 524
f 494 495 526
f 494 526 525
f 495 496 527
f 495 527 526
f 496 466 497
f 496 497 527
f 466 466 497
f 466 497 497
f 497 498 529
f 497 529 528
f 498 499 530
f 498 530 529
f 499 500 531
f 499 531 530
f 500 501 532
f 500 532 531
f 501 502 533
f 501 533 532
f 502 503 534
f 502 534 533
f 503 504 535
f 503 535 534
f 504 505 536
f 504 536 535
f 505 506 537
f 505 537 536
f 506 507 538
f 506 538 537
f 507 508 539
f 507 539 538
f 508 509 540
f 508 540 539
f 509 510 541
f 509 541 540
f 510 511 542
f 510 542 541
f 511 512 543
f 511 543 542
f 512 513 544
f 512 544 543
f 513 514 545
f 513 545 544
f 514 515 546
f 514 546 545
f 515 516 547
f 515 547 546
f 516 517 548
f 516 548 547
f 517 518 549
f 517 549 548
f 518 519 550
f 518 550 549
f 519 520 551
f 519 551 550
f 520 521 552
f 520 552 551
f 521 522 553
f 521 553 552
f 522 523 554
f 522 554 553
f 523 524 555
f 523 555 554
f 524 525 556
f 524 556 555
f 525 526 557
f 525 557 556
f 526 527 558
f 526 558 557
f 527 497 528
f 527 528 558
f 497 497 528
f 497 528 528
f 528 529 560
f 528 560 559
f 529 530 561
f 529 561 560
f 530 531 562
f 530 562 561
f 531 532 563
f 531 563 562
f 532 533 564
f 532 564 563
f 533 534 565
f 533 565 564
f 534 535 566
f 534 566 565
f 535 536 567
f 535 567 566
f 536 537 568
f 536 568 567
f 537 538 569
f 537 569 568
f 538 539 570
f 538 570 569
f 539 540 571
f 539 571 570
f 540 541 572
f 540 572 571
f 541 542 573
f 541 573 572
f 542 543 574
f 542 574 573
f 543 544 575
f 543 575 574
f 544 545 576
f 544 576 575
f 545 546 577
f 545 577 576
f 546 547 578
f 546 578 577
f 547 548 579
f 547 579 578
f 548 549 580
f 548 580 579
f 549 550 581
f 549 581 580
f 550 551 582
f 550 582 581
f 551 552 583
f 551 583 582
f 552 553 584
f 552 584 583
f 553 554 585
f 553 585 584
f 554 555 586
f 554 586 585
f 555 556 587
f 555 587 586
f 556 557 588
f 556 588 587
f 557 558 589
f 557 589 588
f 558 528 559
f 558 559 589
f 528 528 559
f 528 559 559
f 559 560 591
f 559 591 590
f 560 561 592
f 560 592 591
f 561 562 593
f 561 593 592
f 562 563 594
f 562 594 593
f 563 564 595
f 563 595 594
f 564 565 596
f 564 596 595
f 565 566 597
f 565 597 596
f 566 567 598
f 566 598 597
f 567 568 599
f 567 599 598
f 568 569 600
f 568 600 599
f 569 570 601
f 569 601 600
f 570 571 602
f 570 602 601
f 571 572 603
f 571 603 602
f 572 573 604
f 572 604 603
f 573 574 605
f 573 605 604
f 574 575 606
f 574 606 605
f 575 576 607
f 575 607 606
f 576 577 608
f 576 608 607
f 577 578 609
f 577 609 608
f 578 579 610
f 578 610 609
f 579 580 611
f 579 611 610
f 580 581 612
f 580 612 611
f 581 582 613
f 581 613 612
f 582 583 614
f 582 614 613
f 583 584 615
f 583 615 614
f 584 585 616
f 584 616 615
f 585 586 617
f 585 617 616
f 586 587 618
f 586 618 617
f 587 588 619
f 587 619 618
f 588 589 620
f 588 620 619
f 589 559 590
f 589 590 620
f 559 559 590
f 559 590 590
f 590 591 622
f 590 622 621
f 591 592 623
f 591 623 622
f 592 593 624
f 592 624 623
f 593 594 625
f 593 625 624
f 594 595 626
f 594 626 625
f 595 596 627
f 595 627 626
f 596 597 628
f 596 628 627
f 597 598 629
f 597 629 628
f 598 599 630
f 598 630 629
f 599 600 631
f 599 631 630
f 600 601 632
f 600 632 631
f 601 602 633
f 601 633 632
f 602 603 634
f 602 634 633
f 603 604 635
f 603 635 634
f 604 605 636
f 604 636 635
f 605 606 637
f 605 637 636
f 606 607 638
f 606 638 637
f 607 608 639
f 607 639 638
f 608 609 640
f 608 640 639
f 609 610 641
f 609 641 640
f 610 611 642
f 610 642 641
f 611 612 643
f 611 643 642
f 612 613 644
f 612 644 643
f 613 614 645
f 613 645 644
f 614 615 646
f 614 646 645
f 615 616 647
f 615 647 646
f 616 617 648
f 616 648 647
f 617 618 649
f 617 649 648
f 618 619 650
f 618 650 649
f 619 620 651
f 619 651 650
f 620 590 621
f 620 621 651
f 590 590 621
f 590 621 621
f 621 622 653
f 621 653 652
f 622 623 654
f 622 654 653
f 623 624 655
f 623 655 654
f 624 625 656
f 624 656 655
f 625 626 657
f 625 657 656
f 626 627 658
f 626 658 657
f 627 628 659
f 627 659 658
f 628 629 660
f 628 660 659
f 629 630 661
f 629 661 660
f 630 631 662
f 630 662 661
f 631 632 663
f 631 663 662
f 632 633 664
f 632 664 663
f 633 634 665
f 633 665 664
f 634 635 666
f 634 666 665
f 635 636 667
f 635 667 666
f 636 637 668
f 636 668 667
f 637 638 669
f 637 669 668
f 638 639 670
f 638 670 669
f 639 640 671
f 639 671 670
f 640 641 672
f 640 672 671
f 641 642 673
f 641 673 672
f 642 643 674
f 642 674 673
f 643 644 675
f 643 675 674
f 644 645 676
f 644 676 675
f 645 646 677
f 645 677 676
f 646 647 678
f 646 678 677
f 647 648 679
f 647 679 678
f 648 649 680
f 648 680 679
f 649 650 681
f 649 681 680
f 650 651 682
f 650 682 681
f 651 621 652
f 651 652 682
f 621 621 652
f 621 652 652
f 652 653 684
f 652 684 683
f 653 654 685
f 653 685 684
f 654 655 686
f 654 686 685
f 655 656 687
f 655 687 686
f 656 657 688
f 656 688 687
f 657 658 689
f 657 689 688
f 658 659 690
f 658 690 689
f 659 660 691
f 659 691 690
f 660 661 692
f 660 692 691
f 661 662 693
f 661 693 692
f 662 663 694
f 662 694 693
f 663 664 695
f 663 695 694
f 664 665 696
f 664 696 695
f 665 666 697
f 665 697 696
f 666 667 698
f 666 698 697
f 667 668 699
f 667 699 698
f 668 669 700
f 668 700 699
f 669 670 701
f 669 701 700
f 670 671 702
f 670 702 701
f 671 672 703
f 671 703 702
f 672 673 704
f 672 704 703
f 673 674 705
f 673 705 704
f 674 675 706
f 674 706 705
f 675 676 707
f 675 707 706
f 676 677 708
f 676 708 707
f 677 678 709
f 677 709 708
f 678 679 710
f 678 710 709
f 679 680 711
f 679 711 710
f 680 681 712
f 680 712 711
f 681 682 713
f 681 713 712
f 682 652 683
f 682 683 713
f 652 652 683
f 652 683 683
f 683 684 715
f 683 715 714
f 684 685 716
f 684 716 715
f 685 686 717
f 685 717 716
f 686 687 718
f 686 718 717
f 687 688 719
f 687 719 718
f 688 689 720
f 688 720 719
f 689 690 721
f 689 721 720
f 690 691 722
f 690 722 721
f 691 692 723
f 691 723 722
f 692 693 724
f 692 724 723
f 693 694 725
f 693 725 724
f 694 695 726
f 694 726 725
f 695 696 727
f 695 727 726
f 696 697 728
f 696 728 727
f 697 698 729
f 697 729 728
f 698 699 730
f 698 730 729
f 699 700 731
f 699 731 730
f 700 701 732
f 700 732 731
f 701 702 733
f 701 733 732
f 702 703 734
f 702 734 733
f 703 704 735
f 703 735 734
f 704 705 736
f 704 736 735
f 705 706 737
f 705 737 736
f 706 707 738
f 706 738 737
f 707 708 739
f 707 739 738
f 708 709 740
f 708 740 739
f 709 710 741
f 709 741 740
f 710 711 742
f 710 742 741
f 711 712 743
f 711 743 742
f 712 713 744
f 712 744 743
f 713 683 714
f 713 714 744
f 683 683 714
f 683 714 714
f 714 715 746
f 714 746 745
f 715 716 747
f 715 747 746
f 716 717 748
f 716 748 747
f 717 718 749
f 717 749 748
f 718 719 750
f 718 750 749
f 719 720 751
f 719 751 750
f 720 721 752
f 720 752 751
f 721 722 753
f 721 753 752
f 722 723 754
f 722 754 753
f 723 724 755
f 723 755 754
f 724 725 756
f 724 756 755
f 725 726 757
f 725 757 756
f 726 727 758
f 726 758 757
f 727 728 759
f 727 759 758
f 728 729 760
f 728 760 759
f 729 730 761
f 729 761 760
f 730 731 762
f 730 762 761
f 731 732 763
f 731 763 762
f 732 733 764
f 732 764 763
f 733 734 765
f 733 765 764
f 734 735 766
f 734 766 765
f 735 736 767
f 735 767 766
f 736 737 768
f 736 768 767
f 737 738 769
f 737 769 768
f 738 739 770
f 738 770 769
f 739 740 771
f 739 771 770
f 740 741 772
f 740 772 771
f 741 742 773
f 741 773 772
f 742 743 774
f 742 774 773
f 743 744 775
f 743 775 774
f 744 714 745
f 744 745 775
f 714 714 745
f 714 745 745
f 745 746 777
f 745 777 776
f 746 747 778
f 746 778 777
f 747 748 779
f 747 779 778
f 748 749 780
f 748 780 779
f 749 750 781
f 749 781 780
f 750 751 782
f 750 782 781
f 751 752 783
f 751 783 782
f 752 753 784
f 752 784 783
f 753 754 785
f 753 785 784
f 754 755 786
f 754 786 785
f 755 756 787
f 755 787 786
f 756 757 788
f 756 788 787
f 757 758 789
f 757 789 788
f 758 759 790
f 758 790 789
f 759 760 791
f 759 791 790
f 760 761 792
f 760 792 791
f 761 762 793
f 761 793 792
f 762 763 794
f 762 794 793
f 763 764 795
f 763 795 794
f 764 765 796
f 764 796 795
f 765 766 797
f 765 797 796
f 766 767 798
f 766 798 797
f 767 768 799
f 767 799 798
f 768 769 800
f 768 800 799
f 769 770 801
f 769 801 800
f 770 771 802
f 770 802 801
f 771 772 803
f 771 803 802
f 772 773 804
f 772 804 803
f 773 774 805
f 773 805 804
f 774 775 806
f 774 806 805
f 775 745 776
f 775 776 806
f 745 745 776
f 745 776 776
f 776 777 808
f 776 808 807
f 777 778 809
f 777 809 808
f 778 779 810
f 778 810 809
f 779 780 811
f 779 811 810
f 780 781 812
f 780 812 811
f 781 782 813
f 781 813 812
f 782 783 814
f 782 814 813
f 783 784 815
f 783 815 814
f 784 785 816
f 784 816 815
f 785 786 817
f 785 817 816
f 786 787 818
f 786 818 817
f 787 788 819
f 787 819 818
f 788 789 820
f 788 820 819
f 789 790 821
f 789 821 820
f 790 791 822
f 790 822 821
f 791 792 823
f 791 823 822
f 792 793 824
f 792 824 823
f 793 794 825
f 793 825 824
f 794 795 826
f 794 826 825
f 795 796 827
f 795 827 826
f 796 797 828
f 796 828 827
f 797 798 829
f 797 829 828
f 798 799 830
f 798 830 829
f 799 800 831
f 799 831 830
f 800 801 832
f 800 832 831
f 801 802 833
f 801 833 832
f 802 803 834
f 802 834 833
f 803 804 835
f 803 835 834
f 804 805 836
f 804 836 835
f 805 806 837
f 805 837 836
f 806 776 807
f 806 807 837
f 776 776 807
f 776 807 807
f 807 808 839
f 807 839 838
f 808 809 840
f 808 840 839
f 809 810 841
f 809 841 840
f 810 811 842
f 810 842 841
f 811 812 843
f 811 843 842
f 812 813 844
f 812 844 843
f 813 814 845
f 813 845 844
f 814 815 846
f 814 846 845
f 815 816 847
f 815 847 846
f 816 817 848
f 816 848 847
f 817 818 849
f 817 849 848
f 818 819 850
f 818 850 849
f 819 820 851
f 819 851 850
f 820 821 852
f 820 852 851
f 821 822 853
f 821 853 852
f 822 823 854
f 822 854 853
f 823 824 855
f 823 855 854
f 824 825 856
f 824 856 855
f 825 826 857
f 825 857 856
f 826 827 858
f 826 858 857
f 827 828 859
f 827 859 858
f 828 829 860
f 828 860 859
f 829 830 861
f 829 861 860
f 830 831 862
f 830 862 861
f 831 832 863
f 831 863 862
f 832 833 864
f 832 864 863
f 833 834 865
f 833 865 864
f 834 835 866
f 834 866 865
f 835 836 867
f 835 867 866
f 836 837 868
f 836 868 867
f 837 807 838
f 837 838 868
f 807 807 838
f 807 838 838
f 838 839 870
f 838 870 869
f 839 840 871
f 839 871 870
f 840 841 872
f 840 872 871
f 841 842 873
f 841 873 872
f 842 843 874
f 842 874 873
f 843 844 875
f 843 875 874
f 844 845 876
f 844 876 875
f 845 846 877
f 845 877 876
f 846 847 878
f 846 878 877
f 847 848 879
f 847 879 878
f 848 849 880
f 848 880 879
f 849 850 881
f 849 881 880
f 850 851 882
f 850 882 881
f 851 852 883
f 851 883 882
f 852 853 884
f 852 884 883
f 853 854 885
f 853 885 884
f 854 855 886
f 854 886 885
f 855 856 887
f 855 887 886
f 856 857 888
f 856 888 887
f 857 858 889
f 857 889 888
f 858 859 890
f 858 890 889
f 859 860 891
f 859 891 890
f 860 861 892
f 860 892 891
f 861 862 893
f 861 893 892
f 862 863 894
f 862 894 893
f 863 864 895
f 863 895 894
f 864 865 896
f 864 896 895
f 865 866 897
f 865 897 896
f 866 867 898
f 866 898 897
f 867 868 899
f 867 899 898
f 868 838 869
f 868 869 899
f 838 838 869
f 838 869 869
f 869 870 901
f 869 901 900
f 870 871 902
f 870 902 901
f 871 872 903
f 871 903 902
f 872 873 904
f 872 904 903
f 873 874 905
f 873 905 904
f 874 875 906
f 874 906 905
f 875 876 907
f 875 907 906
f 876 877 908
f 876 908 907
f 877 878 909
f 877 909 908
f 878 879 910
f 878 910 909
f 879 880 911
f 879 911 910
f 880 881 912
f 880 912 911
f 881 882 913
f 881 913 912
f 882 883 914
f 882 914 913
f 883 884 915
f 883 915 914
f 884 885 916
f 884 916 915
f 885 886 917
f 885 917 916
f 886 887 918
f 886 918 917
f 887 888 919
f 887 919 918
f 888 889 920
f 888 920 919
f 889 890 921
f 889 921 920
f 890 891 922
f 890 922 921
f 891 892 923
f 891 923 922
f 892 893 924
f 892 924 923
f 893 894 925
f 893 925 924
f 894 895 926
f 894 926 925
f 895 896 927
f 895 927 926
f 896 897 928
f 896 928 927
f 897 898 929
f 897 929 928
f 898 899 930
f 898 930 929
f 899 869 900
f 899 900 930
f 869 869 900
f 869 900 900
f 900 901 932
f 900 932 931
f 901 902 933
f 901 933 932
f 902 903 934
f 902 934 933
f 903 904 935
f 903 935 934
f 904 905 936
f 904 936 935
f 905 906 937
f 905 937 936
f 906 907 938
f 906 938 937
f 907 908 939
f 907 939 938
f 908 909 940
f 908 940 939
f 909 910 941
f 909 941 940
f 910 911 942
f 910 942 941
f 911 912 943
f 911 943 942
f 912 913 944
f 912 944 943
f 913 914 945
f 913 945 944
f 914 915 946
f 914 946 945
f 915 916 947
f 915 947 946
f 916 917 948
f 916 948 947
f 917 918 949
f 917 949 948
f 918 919 950
f 918 950 949
f 919 920 951
f 919 951 950
f 920 921 952
f 920 952 951
f 921 922 953
f 921 953 952
f 922 923 954
f 922 954 953
f 923 924 955
f 923 955 954
f 924 925 956
f 924 956 955
f 925 926 957
f 925 957 956
f 926 927 958
f 926 958 957
f 927 928 959
f 927 959 958
f 928 929 960
f 928 960 959
f 929 930 961
f 929 961 960
f 930 900 931
f 930 931 961
f 900 900 931
f 900 931 931
f 931 932 963
f 931 963 962
f 932 933 964
f 932 964 963
f 933 934 965
f 933 965 964
f 934 935 966
f 934 966 965
f 935 936 967
f 935 967 966
f 936 937 968
f 936 968 967
f 937 938 969
f 937 969 968
f 938 939 970
f 938 970 969
f 939 940 971
f 939 971 970
f 940 941 972
f 940 972 971
f 941 942 973
f 941 973 972
f 942 943 974
f 942 974 973
f 943 944 975
f 943 975 974
f 944 945 976
f 944 976 975
f 945 946 977
f 945 977 976
f 946 947 978
f 946 978 977
f 947 948 979
f 947 979 978
f 948 949 980
f 948 980 979
f 949 950 981
f 949 981 980
f 950 951 982
f 950 982 981
f 951 952 983
f 951 983 982
f 952 953 984
f 952 984 983
f 953 954 985
f 953 985 984
f 954 955 986
f 954 986 985
f 955 956 987
f 955 987 986
f 956 957 988
f 956 988 987
f 957 958 989
f 957 989 988
f 958 959 990
f 958 990 989
f 959 960 991
f 959 991 990
f 960 961 992
f 960 992 991
f 961 931 962
f 961 962 992
f 931 931 962
f 931 962 962
f 993 994 1025
f 993 1025 1024
f 994 995 1026
f 994 1026 1025
f 995 996 1027
f 995 1027 1026
f 996 997 1028
f 996 1028 1027
f 997 998 1029
f 997 1029 1028
f 998 999 1030
f 998 1030 1029
f 999 1000 1031
f 999 1031 1030
f 1000 1001 1032
f 1000 1032 1031
f 1001 1002 1033
f 1001 1033 1032
f 1002 1003 1034
f 1002 1034 1033
f 1003 1004 1035
f 1003 1035 1034
f 1004 1005 1036
f 1004 1036 1035
f 1005 1006 1037
f 1005 1037 1036
f 1006 1007 1038
f 1006 1038 1037
f 1007 1008 1039
f 1007 1039 1038
f 1008 1009 1040
f 1008 1040 1039
f 1009 1010 1041
f 1009 1041 1040
f 1010 1011 1042
f 1010 1042 1041
f 1011 1012 1043
f 1011 1043 1042
f 1012 1013 1044
f 1012 1044 1043
f 1013 1014 1045
f 1013 1045 1044
f 1014 1015 1046
f 1014 1046 1045
f 1015 1016 1047
f 1015 1047 1046
f 1016 1017 1048
f 1016 1048 1047
f 1017 1018 1049
f 1017 1049 1048
f 1018 1019 1050
f 1018 1050 1049
f 1019 1020 1051
f 1019 1051 1050
f 1020 1021 1052
f 1020 1052 1051
f 1021 1022 1053
f 1021 1053 1052
f 1022 1023 1054
f 1022 1054 1053
f 1023 993 1024
f 1023 1024 1054
f 993 993 1024
f 993 1024 1024
f 1024 1025 1056
f 1024 1056 1055
f 1025 1026 1057
f 1025 1057 1056
f 1026 1027 1058
f 1026 1058 1057
f 1027 1028 1059
f 1027 1059 1058
f 1028 1029 1060
f 1028 1060 1059
f 1029 1030 1061
f 1029 1061 1060
f 1030 1031 1062
f 1030 1062 1061
f 1031 1032 1063
f 1031 1063 1062
f 1032 1033 1064
f 1032 1064 1063
f 1033 1034 1065
f 1033 1065 1064
f 1034 1035 1066
f 1034 1066 1065
f 1035 1036 1067
f 1035 1067 1066
f 1036 1037 1068
f 1036 1068 1067
f 1037 1038 1069
f 1037 1069 1068
f 1038 1039 1070
f 1038 1070 1069
f 1039 1040 1071
f 1039 1071 1070
f 1040 1041 1072
f 1040 1072 1071
f 1041 1042 1073
f 1041 1073 1072
f 1042 1043 1074
f 1042 1074 1073
f 1043 1044 1075
f 1043 1075 1074
f 1044 1045 1076
f 1044 1076 1075
f 1045 1046 1077
f 1045 1077 1076
f 1046 1047 1078
f 1046 1078 1077
f 1047 1048 1079
f 1047 1079 1078
f 1048 1049 1080
f 1048 1080 1079
f 1049 1050 1081
f 1049 1081 1080
f 1050 1051 1082
f 1050 1082 1081
f 1051 1052 1083
f 1051 1083 1082
f 1052 1053 1084
f 1052 1084 1083
f 1053 1054 1085
f 1053 1085 1084
f 1054 1024 1055
f 1054 1055 1085
f 1024 1024 1055
f 1024 1055 1055
f 1055 1056 1087
f 1055 1087 1086
f 1056 1057 1088
f 1056 1088 1087
f 1057 1058 1089
f 1057 1089 1088
f 1058 1059 1090
f 1058 1090 1089
f 1059 1060 1091
f 1059 1091 1090
f 1060 1061 1092
f 1060 1092 1091
f 1061 1062 1093
f 1061 1093 1092
f 1062 1063 1094
f 1062 1094 1093
f 1063 1064 1095
f 1063 1095 1094
f 1064 1065 1096
f 1064 1096 1095
f 1065 1066 1097
f 1065 1097 1096
f 1066 1067 1098
f 1066 1098 1097
f 1067 1068 1099
f 1067 1099 1098
f 1068 1069 1100
f 1068 1100 1099
f 1069 1070 1101
f 1069 1101 1100
f 1070 1071 1102
f 1070 1102 1101
f 1071 1072 1103
f 1071 1103 1102
f 1072 1073 1104
f 1072 1104 1103
f 1073 1074 1105
f 1073 1105 1104
f 1074 1075 1106
f 1074 1106 1105
f 1075 1076 1107
f 1075 1107 1106
f 1076 1077 1108
f 1076 1108 1107
f 1077 1078 1109
f 1077 1109 1108
f 1078 1079 1110
f 1078 1110 1109
f 1079 1080 1111
f 1079 1111 1110
f 1080 1081 1112
f 1080 1112 1111
f 1081 1082 1113
f 1081 1113 1112
f 1082 1083 1114
f 1082 1114 1113
f 1083 1084 1115
f 1083 1115 1114
f 1084 1085 1116
f 1084 1116 1115
f 1085 1055 1086
f 1085 1086 1116
f 1055 1055 1086
f 1055 1086 1086
f 1086 1087 1118
f 1086 1118 1117
f 1087 1088 1119
f 1087 1119 1118
f 1088 1089 1120
f 1088 1120 1119
f 1089 1090 1121
f 1089 1121 1120
f 1090 1091 1122
f 1090 1122 1121
f 1091 1092 1123
f 1091 1123 1122
f 1092 1093 1124
f 1092 1124 1123
f 1093 1094 1125
f 1093 1125 1124
f 1094 1095 1126
f 1094 1126 1125
f 1095 1096 1127
f 1095 1127 1126
f 1096 1097 1128
f 1096 1128 1127
f 1097 1098 1129
f 1097 1129 1128
f 1098 1099 1130
f 1098 1130 1129
f 1099 1100 1131
f 1099 1131 1130
f 1100 1101 1132
f 1100 1132 1131
f 1101 1102 1133
f 1101 1133 1132
f 1102 1103 1134
f 1102 1134 1133
f 1103 1104 1135
f 1103 1135 1134
f 1104 1105 1136
f 1104 1136 1135
f 1105 1106 1137
f 1105 1137 1136
f 1106 1107 1138
f 1106 1138 1137
f 1107 1108 1139
f 1107 1139 1138
f 1108 1109 1140
f 1108 1140 1139
f 1109 1110 1141
f 1109 1141 1140
f 1110 1111 1142
f 1110 1142 1141
f 1111 1112 1143
f 1111 1143 1142
f 1112 1113 1144
f 1112 1144 1143
f 1113 1114 1145
f 1113 1145 1144
f 1114 1115 1146
f 1114 1146 1145
f 1115 1116 1147
f 1115 1147 1146
f 1116 1086 1117
f 1116 1117 1147
f 1086 1086 1117
f 1086 1117 1117
f 1117 1118 1149
f 1117 1149 1148
f 1118 1119 1150
f 1118 1150 1149
f 1119 1120 1151
f 1119 1151 1150
f 1120 1121 1152
f 1120 1152 1151
f 1121 1122 1153
f 1121 1153 1152
f 1122 1123 1154
f 1122 1154 1153
f 1123 1124 1155
f 1123 1155 1154
f 1124 1125 1156
f 1124 1156 1155
f 1125 1126 1157
f 1125 1157 1156
f 1126 1127 1158
f 1126 1158 1157
f 1127 1128 1159
f 1127 1159 1158
f 1128 1129 1160
f 1128 1160 1159
f 1129 1130 1161
f 1129 1161 1160
f 1130 1131 1162
f 1130 1162 1161
f 1131 1132 1163
f 1131 1163 1162
f 1132 1133 1164
f 1132 1164 1163
f 1133 1134 1165
f 1133 1165 1164
f 1134 1135 1166
f 1134 1166 1165
f 1135 1136 1167
f 1135 1167 1166
f 1136 1137 1168
f 1136 1168 1167
f 1137 1138 1169
f 1137 1169 1168
f 1138 1139 1170
f 1138 1170 1169
f 1139 1140 1171
f 1139 1171 1170
f 1140 1141 1172
f 1140 1172 1171
f 1141 1142 1173
f 1141 1173 1172
f 1142 1143 1174
f 1142 1174 1173
f 1143 1144 1175
f 1143 1175 1174
f 1144 1145 1176
f 1144 1176 1175
f 1145 1146 1177
f 1145 1177 1176
f 1146 1147 1178
f 1146 1178 1177
f 1147 1117 1148
f 1147 1148 1178
f 1117 1117 1148
f 1117 1148 1148
f 1148 1149 1180
f 1148 1180 1179
f 1149 1150 1181
f 1149 1181 1180
f 1150 1151 1182
f 1150 1182 1181
f 1151 1152 1183
f 1151 1183 1182
f 1152 1153 1184
f 1152 1184 1183
f 1153 1154 1185
f 1153 1185 1184
f 1154 1155 1186
f 1154 1186 1185
f 1155 1156 1187
f 1155 1187 1186
f 1156 1157 1188
f 1156 1188 1187
f 1157 1158 1189
f 1157 1189 1188
f 1158 1159 1190
f 1158 1190 1189
f 1159 1160 1191
f 1159 1191 1190
f 1160 1161 1192
f 1160 1192 1191
f 1161 1162 1193
f 1161 1193 1192
f 1162 1163 1194
f 1162 1194 1193
f 1163 1164 1195
f 1163 1195 1194
f 1164 1165 1196
f 1164 1196 1195
f 1165 1166 1197
f 1165 1197 1196
f 1166 1167 1198
f 1166 1198 1197
f 1167 1168 1199
f 1167 1199 1198
f 1168 1169 1200
f 1168 1200 1199
f 1169 1170 1201
f 1169 1201 1200
f 1170 1171 1202
f 1170 1202 1201
f 1171 1172 1203
f 1171 1203 1202
f 1172 1173 1204
f 1172 1204 1203
f 1173 1174 1205
f 1173 1205 1204
f 1174 1175 1206
f 1174 1206 1205
f 1175 1176 1207
f 1175 1207 1206
f 1176 1177 1208
f 1176 1208 1207
f 1177 1178 1209
f 1177 1209 1208
f 1178 1148 1179
f 1178 1179 1209
f 1148 1148 1179
f 1148 1179 1179
f 1179 1180 1211
f 1179 1211 1210
f 1180 1181 1212
f 1180 1212 1211
f 1181 1182 1213
f 1181 1213 1212
f 1182 1183 1214
f 1182 1214 1213
f 1183 1184 1215
f 1183 1215 1214
f 1184 1185 1216
f 1184 1216 1215
f 1185 1186 1217
f 1185 1217 1216
f 1186 1187 1218
f 1186 1218 1217
f 1187 1188 1219
f 1187 1219 1218
f 1188 1189 1220
f 1188 1220 1219
f 1189 1190 1221
f 1189 1221 1220
f 1190 1191 1222
f 1190 1222 1221
f 1191 1192 1223
f 1191 1223 1222
f 1192 1193 1224
f 1192 1224 1223
f 1193 1194 1225
f 1193 1225 1224
f 1194 1195 1226
f 1194 1226 1225
f 1195 1196 1227
f 1195 1227 1226
f 1196 1197 1228
f 1196 1228 1227
f 1197 1198 1229
f 1197 1229 1228
f 1198 1199 1230
f 1198 1230 1229
f 1199 1200 1231
f 1199 1231 1230
f 1200 1201 1232
f 1200 1232 1231
f 1201 1202 1233
f 1201 1233 1232
f 1202 1203 1234
f 1202 1234 1233
f 1203 1204 1235
f 1203 1235 1234
f 1204 1205 1236
f 1204 1236 1235
f 1205 1206 1237
f 1205 1237 1236
f 1206 1207 1238
f 1206 1238 1237
f 1207 1208 1239
f 1207 1239 1238
f 1208 1209 1240
f 1208 1240 1239
f 1209 1179 1210
f 1209 1210 1240
f 1179 1179 1210
f 1179 1210 1210
f 1210 1211 1242
f 1210 1242 1241
f 1211 1212 1243
f 1211 1243 1242
f 1212 1213 1244
f 1212 1244 1243
f 1213 1214 1245
f 1213 1245 1244
f 1214 1215 1246
f 1214 1246 1245
f 1215 1216 1247
f 1215 1247 1246
f 1216 1217 1248
f 1216 1248 1247
f 1217 1218 1249
f 1217 1249 1248
f 1218 1219 1250
f 1218 1250 1249
f 1219 1220 1251
f 1219 1251 1250
f 1220 1221 1252
f 1220 1252 1251
f 1221 1222 1253
f 1221 1253 1252
f 1222 1223 1254
f 1222 1254 1253
f 1223 1224 1255
f 1223 1255 1254
f 1224 1225 1256
f 1224 1256 1255
f 1225 1226 1257
f 1225 1257 1256
f 1226 1227 1258
f 1226 1258 1257
f 1227 1228 1259
f 1227 1259 1258
f 1228 1229 1260
f 1228 1260 1259
f 1229 1230 1261
f 1229 1261 1260
f 1230 1231 1262
f 1230 1262 1261
f 1231 1232 1263
f 1231 1263 1262
f 1232 1233 1264
f 1232 1264 1263
f 1233 1234 1265
f 1233 1265 1264
f 1234 1235 1266
f 1234 1266 1265
f 1235 1236 1267
f 1235 1267 1266
f 1236 1237 1268
f 1236 1268 1267
f 1237 1238 1269
f 1237 1269 1268
f 1238 1239 1270
f 1238 1270 1269
f 1239 1240 1271
f 1239 1271 1270
f 1240 1210 1241
f 1240 1241 1271
f 1210 1210 1241
f 1210 1241 1241
f 1241 1242 1273
f 1241 1273 1272
f 1242 1243 1274
f 1242 1274 1273
f 1243 1244 1275
f 1243 1275 1274
f 1244 1245 1276
f 1244 1276 1275
f 1245 1246 1277
f 1245 1277 1276
f 1246 1247 1278
f 1246 1278 1277
f 1247 1248 1279
f 1247 1279 1278
f 1248 1249 1280
f 1248 1280 1279
f 1249 1250 1281
f 1249 1281 1280
f 1250 1251 1282
f 1250 1282 1281
f 1251 1252 1283
f 1251 1283 1282
f 1252 1253 1284
f 1252 1284 1283
f 1253 1254 1285
f 1253 1285 1284
f 1254 1255 1286
f 1254 1286 1285
f 1255 1256 1287
f 1255 1287 1286
f 1256 1257 1288
f 1256 1288 1287
f 1257 1258 1289
f 1257 1289 1288
f 1258 1259 1290
f 1258 1290 1289
f 1259 1260 1291
f 1259 1291 1290
f 1260 1261 1292
f 1260 1292 1291
f 1261 1262 1293
f 1261 1293 1292
f 1262 1263 1294
f 1262 1294 1293
f 1263 1264 1295
f 1263 1295 1294
f 1264 1265 1296
f 1264 1296 1295
f 1265 1266 1297
f 1265 1297 1296
f 1266 1267 1298
f 1266 1298 1297
f 1267 1268 1299
f 1267 1299 1298
f 1268 1269 1300
f 1268 1300 1299
f 1269 1270 1301
f 1269 1301 1300
f 1270 1271 1302
f 1270 1302 1301
f 1271 1241 1272
f 1271 1272 1302
f 1241 1241 1272
f 1241 1272 1272
f 1272 1273 1304
f 1272 1304 1303
f 1273 1274 1305
f 1273 1305 1304
f 1274 1275 1306
f 1274 1306 1305
f 1275 1276 1307
f 1275 1307 1306
f 1276 1277 1308
f 1276 1308 1307
f 1277 1278 1309
f 1277 1309 1308
f 1278 1279 1310
f 1278 1310 1309
f 1279 1280 1311
f 1279 1311 1310
f 1280 1281 1312
f 1280 1312 1311
f 1281 1282 1313
f 1281 1313 1312
f 1282 1283 1314
f 1282 1314 1313
f 1283 1284 1315
f 1283 1315 1314
f 1284 1285 1316
f 1284 1316 1315
f 1285 1286 1317
f 1285 1317 1316
f 1286 1287 1318
f 1286 1318 1317
f 1287 1288 1319
f 1287 1319 1318
f 1288 1289 1320
f 1288 1320 1319
f 1289 1290 1321
f 1289 1321 1320
f 1290 1291 1322
f 1290 1322 1321
f 1291 1292 1323
f 1291 1323 1322
f 1292 1293 1324
f 1292 1324 1323
f 1293 1294 1325
f 1293 1325 1324
f 1294 1295 1326
f 1294 1326 1325
f 1295 1296 1327
f 1295 1327 1326
f 1296 1297 1328
f 1296 1328 1327
f 1297 1298 1329
f 1297 1329 1328
f 1298 1299 1330
f 1298 1330 1329
f 1299 1300 1331
f 1299 1331 1330
f 1300 1301 1332
f 1300 1332 1331
f 1301 1302 1333
f 1301 1333 1332
f 1302 1272 1303
f 1302 1303 1333
f 1272 1272 1303
f 1272 1303 1303
f 1303 1304 1335
f 1303 1335 1334
f 1304 1305 1336
f 1304 1336 1335
f 1305 1306 1337
f 1305 1337 1336
f 1306 1307 1338
f 1306 1338 1337
f 1307 1308 1339
f 1307 1339 1338
f 1308 1309 1340
f 1308 1340 1339
f 1309 1310 1341
f 1309 1341 1340
f 1310 1311 1342
f 1310 1342 1341
f 1311 1312 1343
f 1311 1343 1342
f 1312 1313 1344
f 1312 1344 1343
f 1313 1314 1345
f 1313 1345 1344
f 1314 1315 1346
f 1314 1346 1345
f 1315 1316 1347
f 1315 1347 1346
f 1316 1317 1348
f 1316 1348 1347
f 1317 1318 1349
f 1317 1349 1348
f 1318 1319 1350
f 1318 1350 1349
f 1319 1320 1351
f 1319 1351 1350
f 1320 1321 1352
f 1320 1352 1351
f 1321 1322 1353
f 1321 1353 1352
f 1322 1323 1354
f 1322 1354 1353
f 1323 1324 1355
f 1323 1355 1354
f 1324 1325 1356
f 1324 1356 1355
f 1325 1326 1357
f 1325 1357 1356
f 1326 1327 1358
f 1326 1358 1357
f 1327 1328 1359
f 1327 1359 1358
f 1328 1329 1360
f 1328 1360 1359
f 1329 1330 1361
f 1329 1361 1360
f 1330 1331 1362
f 1330 1362 1361
f 1331 1332 1363
f 1331 1363 1362
f 1332 1333 1364
f 1332 1364 1363
f 1333 1303 1334
f 1333 1334 1364
f 1303 1303 1334
f 1303 1334 1334
f 1334 1335 1366
f 1334 1366 1365
f 1335 1336 1367
f 1335 1367 1366
f 1336 1337 1368
f 1336 1368 1367
f 1337 1338 1369
f 1337 1369 1368
f 1338 1339 1370
f 1338 1370 1369
f 1339 1340 1371
f 1339 1371 1370
f 1340 1341 1372
f 1340 1372 1371
f 1341 1342 1373
f 1341 1373 1372
f 1342 1343 1374
f 1342 1374 1373
f 1343 1344 1375
f 1343 1375 1374
f 1344 1345 1376
f 1344 1376 1375
f 1345 1346 1377
f 1345 1377 1376
f 1346 1347 1378
f 1346 1378 1377
f 1347 1348 1379
f 1347 1379 1378
f 1348 1349 1380
f 1348 1380 1379
f 1349 1350 1381
f 1349 1381 1380
f 1350 1351 1382
f 1350 1382 1381
f 1351 1352 1383
f 1351 1383 1382
f 1352 1353 1384
f 1352 1384 1383
f 1353 1354 1385
f 1353 1385 1384
f 1354 1355 1386
f 1354 1386 1385
f 1355 1356 1387
f 1355 1387 1386
f 1356 1357 1388
f 1356 1388 1387
f 1357 1358 1389
f 1357 1389 1388
f 1358 1359 1390
f 1358 1390 1389
f 1359 1360 1391
f 1359 1391 1390
f 1360 1361 1392
f 1360 1392 1391
f 1361 1362 1393
f 1361 1393 1392
f 1362 1363 1394
f 1362 1394 1393
f 1363 1364 1395
f 1363 1395 1394
f 1364 1334 1365
f 1364 1365 1395
f 1334 1334 1365
f 1334 1365 1365
f 1365 1366 1397
f 1365 1397 1396
f 1366 1367 1398
f 1366 1398 1397
f 1367 1368 1399
f 1367 1399 1398
f 1368 1369 1400
f 1368 1400 1399
f 1369 1370 1401
f 1369 1401 1400
f 1370 1371 1402
f 1370 1402 1401
f 1371 1372 1403
f 1371 1403 1402
f 1372 1373 1404
f 1372 1404 1403
f 1373 1374 1405
f 1373 1405 1404
f 1374 1375 1406
f 1374 1406 1405
f 1375 1376 1407
f 1375 1407 1406
f 1376 1377 1408
f 1376 1408 1407
f 1377 1378 1409
f 1377 1409 1408
f 1378 1379 1410
f 1378 1410 1409
f 1379 1380 1411
f 1379 1411 1410
f 1380 1381 1412
f 1380 1412 1411
f 1381 1382 1413
f 1381 1413 1412
f 1382 1383 1414
f 1382 1414 1413
f 1383 1384 1415
f 1383 1415 1414
f 1384 1385 1416
f 1384 1416 1415
f 1385 1386 1417
f 1385 1417 1416
f 1386 1387 1418
f 1386 1418 1417
f 1387 1388 1419
f 1387 1419 1418
f 1388 1389 1420
f 1388 1420 1419
f 1389 1390 1421
f 1389 1421 1420
f 1390 1391 1422
f 1390 1422 1421
f 1391 1392 1423
f 1391 1423 1422
f 1392 1393 1424
f 1392 1424 1423
f 1393 1394 1425
f 1393 1425 1424
f 1394 1395 1426
f 1394 1426 1425
f 1395 1365 1396
f 1395 1396 1426
f 1365 1365 1396
f 1365 1396 1396
f 1396 1397 1428
f 1396 1428 1427
f 1397 1398 1429
f 1397 1429 1428
f 1398 1399 1430
f 1398 1430 1429
f 1399 1400 1431
f 1399 1431 1430
f 1400 1401 1432
f 1400 1432 1431
f 1401 1402 1433
f 1401 1433 1432
f 1402 1403 1434
f 1402 1434 1433
f 1403 1404 1435
f 1403 1435 1434
f 1404 1405 1436
f 1404 1436 1435
f 1405 1406 1437
f 1405 1437 1436
f 1406 1407 1438
f 1406 1438 1437
f 1407 1408 1439
f 1407 1439 1438
f 1408 1409 1440
f 1408 1440 1439
f 1409 1410 1441
f 1409 1441 1440
f 1410 1411 1442
f 1410 1442 1441
f 1411 1412 1443
f 1411 1443 1442
f 1412 1413 1444
f 1412 1444 1443
f 1413 1414 1445
f 1413 1445 1444
f 1414 1415 1446
f 1414 1446 1445
f 1415 1416 1447
f 1415 1447 1446
f 1416 1417 1448
f 1416 1448 1447
f 1417 1418 1449
f 1417 1449 1448
f 1418 1419 1450
f 1418 1450 1449
f 1419 1420 1451
f 1419 1451 1450
f 1420 1421 1452
f 1420 1452 1451
f 1421 1422 1453
f 1421 1453 1452
f 1422 1423 1454
f 1422 1454 1453
f 1423 1424 1455
f 1423 1455 1454
f 1424 1425 1456
f 1424 1456 1455
f 1425 1426 1457
f 1425 1457 1456
f 1426 1396 1427
f 1426 1427 1457
f 1396 1396 1427
f 1396 1427 1427
f 1427 1428 1459
f 1427 1459 1458
f 1428 1429 1460
f 1428 1460 1459
f 1429 1430 1461
f 1429 1461 1460
f 1430 1431 1462
f 1430 1462 1461
f 1431 1432 1463
f 1431 1463 1462
f 1432 1433 1464
f 1432 1464 1463
f 1433 1434 1465
f 1433 1465 1464
f 1434 1435 1466
f 1434 1466 1465
f 1435 1436 1467
f 1435 1467 1466
f 1436 1437 1468
f 1436 1468 1467
f 1437 1438 1469
f 1437 1469 1468
f 1438 1439 1470
f 1438 1470 1469
f 1439 1440 1471
f 1439 1471 1470
f 1440 1441 1472
f 1440 1472 1471
f 1441 1442 1473
f 1441 1473 1472
f 1442 1443 1474
f 1442 1474 1473
f 1443 1444 1475
f 1443 1475 1474
f 1444 1445 1476
f 1444 1476 1475
f 1445 1446 1477
f 1445 1477 1476
f 1446 1447 1478
f 1446 1478 1477
f 1447 1448 1479
f 1447 1479 1478
f 1448 1449 1480
f 1448 1480 1479
f 1449 1450 1481
f 1449 1481 1480
f 1450 1451 1482
f 1450 1482 1481
f 1451 1452 1483
f 1451 1483 1482
f 1452 1453 1484
f 1452 1484 1483
f 1453 1454 1485
f 1453 1485 1484
f 1454 1455 1486
f 1454 1486 1485
f 1455 1456 1487
f 1455 1487 1486
f 1456 1457 1488
f 1456 1488 1487
f 1457 1427 1458
f 1457 1458 1488
f 1427 1427 1458
f 1427 1458 1458
f 1458 1459 1490
f 1458 1490 1489
f 1459 1460 1491
f 1459 1491 1490
f 1460 1461 1492
f 1460 1492 1491
f 1461 1462 1493
f 1461 1493 1492
f 1462 1463 1494
f 1462 1494 1493
f 1463 1464 1495
f 1463 1495 1494
f 1464 1465 1496
f 1464 1496 1495
f 1465 1466 1497
f 1465 1497 1496
f 1466 1467 1498
f 1466 1498 1497
f 1467 1468 1499
f 1467 1499 1498
f 1468 1469 1500
f 1468 1500 1499
f 1469 1470 1501
f 1469 1501 1500
f 1470 1471 1502
f 1470 1502 1501
f 1471 1472 1503
f 1471 1503 1502
f 1472 1473 1504
f 1472 1504 1503
f 1473 1474 1505
f 1473 1505 1504
f 1474 1475 1506
f 1474 1506 1505
f 1475 1476 1507
f 1475 1507 1506
f 1476 1477 1508
f 1476 1508 1507
f 1477 1478 1509
f 1477 1509 1508
f 1478 1479 1510
f 1478 1510 1509
f 1479 1480 1511
f 1479 1511 1510
f 1480 1481 1512
f 1480 1512 1511
f 1481 1482 1513
f 1481 1513 1512
f 1482 1483 1514
f 1482 1514 1513
f 1483 1484 1515
f 1483 1515 1514
f 1484 1485 1516
f 1484 1516 1515
f 1485 1486 1517
f 1485 1517 1516
f 1486 1487 1518
f 1486 1518 1517
f 1487 1488 1519
f 1487 1519 1518
f 1488 1458 1489
f 1488 1489 1519
f 1458 1458 1489
f 1458 1489 1489
f 1489 1490 1521
f 1489 1521 1520
f 1490 1491 1522
f 1490 1522 1521
f 1491 1492 1523
f 1491 1523 1522
f 1492 1493 1524
f 1492 1524 1523
f 1493 1494 1525
f 1493 1525 1524
f 1494 1495 1526
f 1494 1526 1525
f 1495 1496 1527
f 1495 1527 1526
f 1496 1497 1528
f 1496 1528 1527
f 1497 1498 1529
f 1497 1529 1528
f 1498 1499 1530
f 1498 1530 1529
f 1499 1500 1531
f 1499 1531 1530
f 1500 1501 1532
f 1500 1532 1531
f 1501 1502 1533
f 1501 1533 1532
f 1502 1503 1534
f 1502 1534 1533
f 1503 1504 1535
f 1503 1535 1534
f 1504 1505 1536
f 1504 1536 1535
f 1505 1506 1537
f 1505 1537 1536
f 1506 1507 1538
f 1506 1538 1537
f 1507 1508 1539
f 1507 1539 1538
f 1508 1509 1540
f 1508 1540 1539
f 1509 1510 1541
f 1509 1541 1540
f 1510 1511 1542
f 1510 1542 1541
f 1511 1512 1543
f 1511 1543 1542
f 1512 1513 1544
f 1512 1544 1543
f 1513 1514 1545
f 1513 1545 1544
f 1514 1515 1546
f 1514 1546 1545
f 1515 1516 1547
f 1515 1547 1546
f 1516 1517 1548
f 1516 1548 1547
f 1517 1518 1549
f 1517 1549 1548
f 1518 1519 1550
f 1518 1550 1549
f 1519 1489 1520
f 1519 1520 1550
f 1489 1489 1520
f 1489 1520 1520
f 1520 1521 1552
f 1520 1552 1551
f 1521 1522 1553
f 1521 1553 1552
f 1522 1523 1554
f 1522 1554 1553
f 1523 1524 1555
f 1523 1555 1554
f 1524 1525 1556
f 1524 1556 1555
f 1525 1526 1557
f 1525 1557 1556
f 1526 1527 1558
f 1526 1558 1557
f 1527 1528 1559
f 1527 1559 1558
f 1528 1529 1560
f 1528 1560 1559
f 1529 1530 1561
f 1529 1561 1560
f 1530 1531 1562
f 1530 1562 1561
f 1531 1532 1563
f 1531 1563 1562
f 1532 1533 1564
f 1532 1564 1563
f 1533 1534 1565
f 1533 1565 1564
f 1534 1535 1566
f 1534 1566 1565
f 1535 1536 1567
f 1535 1567 1566
f 1536 1537 1568
f 1536 1568 1567
f 1537 1538 1569
f 1537 1569 1568
f 1538 1539 1570
f 1538 1570 1569
f 1539 1540 1571
f 1539 1571 1570
f 1540 1541 1572
f 1540 1572 1571
f 1541 1542 1573
f 1541 1573 1572
f 1542 1543 1574
f 1542 1574 1573
f 1543 1544 1575
f 1543 1575 1574
f 1544 1545 1576
f 1544 1576 1575
f 1545 1546 1577
f 1545 1577 1576
f 1546 1547 1578
f 1546 1578 1577
f 1547 1548 1579
f 1547 1579 1578
f 1548 1549 1580
f 1548 1580 1579
f 1549 1550 1581
f 1549 1581 1580
f 1550 1520 1551
f 1550 1551 1581
f 1520 1520 1551
f 1520 1551 1551
f 1551 1552 1583
f 1551 1583 1582
f 1552 1553 1584
f 1552 1584 1583
f 1553 1554 1585
f 1553 1585 1584
f 1554 1555 1586
f 1554 1586 1585
f 1555 1556 1587
f 1555 1587 1586
f 1556 1557 1588
f 1556 1588 1587
f 1557 1558 1589
f 1557 1589 1588
f 1558 1559 1590
f 1558 1590 1589
f 1559 1560 1591
f 1559 1591 1590
f 1560 1561 1592
f 1560 1592 1591
f 1561 1562 1593
f 1561 1593 1592
f 1562 1563 1594
f 1562 1594 1593
f 1563 1564 1595
f 1563 1595 1594
f 1564 1565 1596
f 1564 1596 1595
f 1565 1566 1597
f 1565 1597 1596
f 1566 1567 1598
f 1566 1598 1597
f 1567 1568 1599
f 1567 1599 1598
f 1568 1569 1600
f 1568 1600 1599
f 1569 1570 1601
f 1569 1601 1600
f 1570 1571 1602
f 1570 1602 1601
f 1571 1572 1603
f 1571 1603 1602
f 1572 1573 1604
f 1572 1604 1603
f 1573 1574 1605
f 1573 1605 1604
f 1574 1575 1606
f 1574 1606 1605
f 1575 1576 1607
f 1575 1607 1606
f 1576 1577 1608
f 1576 1608 1607
f 1577 1578 1609
f 1577 1609 1608
f 1578 1579 1610
f 1578 1610 1609
f 1579 1580 1611
f 1579 1611 1610
f 1580 1581 1612
f 1580 1612 1611
f 1581 1551 1582
f 1581 1582 1612
f 1551 1551 1582
f 1551 1582 1582
f 1582 1583 1614
f 1582 1614 1613
f 1583 1584 1615
f 1583 1615 1614
f 1584 1585 1616
f 1584 1616 1615
f 1585 1586 1617
f 1585 1617 1616
f 1586 1587 1618
f 1586 1618 1617
f 1587 1588 1619
f 1587 1619 1618
f 1588 1589 1620
f 1588 1620 1619
f 1589 1590 1621
f 1589 1621 1620
f 1590 1591 1622
f 1590 1622 1621
f 1591 1592 1623
f 1591 1623 1622
f 1592 1593 1624
f 1592 1624 1623
f 1593 1594 1625
f 1593 1625 1624
f 1594 1595 1626
f 1594 1626 1625
f 1595 1596 1627
f 1595 1627 1626
f 1596 1597 1628
f 1596 1628 1627
f 1597 1598 1629
f 1597 1629 1628
f 1598 1599 1630
f 1598 1630 1629
f 1599 1600 1631
f 1599 1631 1630
f 1600 1601 1632
f 1600 1632 1631
f 1601 1602 1633
f 1601 1633 1632
f 1602 1603 1634
f 1602 1634 1633
f 1603 1604 1635
f 1603 1635 1634
f 1604 1605 1636
f 1604 1636 1635
f 1605 1606 1637
f 1605 1637 1636
f 1606 1607 1638
f 1606 1638 1637
f 1607 1608 1639
f 1607 1639 1638
f 1608 1609 1640
f 1608 1640 1639
f 1609 1610 1641
f 1609 1641 1640
f 1610 1611 1642
f 1610 1642 1641
f 1611 1612 1643
f 1611 1643 1642
f 1612 1582 1613
f 1612 1613 1643
f 1582 1582 1613
f 1582 1613 1613
f 1613 1614 1645
f 1613 1645 1644
f 1614 1615 1646
f 1614 1646 1645
f 1615 1616 1647
f 1615 1647 1646
f 1616 1617 1648
f 1616 1648 1647
f 1617 1618 1649
f 1617 1649 1648
f 1618 1619 1650
f 1618 1650 1649
f 1619 1620 1651
f 1619 1651 1650
f 1620 1621 1652
f 1620 1652 1651
f 1621 1622 1653
f 1621 1653 1652
f 1622 1623 1654
f 1622 1654 1653
f 1623 1624 1655
f 1623 1655 1654
f 1624 1625 1656
f 1624 1656 1655
f 1625 1626 1657
f 1625 1657 1656
f 1626 1627 1658
f 1626 1658 1657
f 1627 1628 1659
f 1627 1659 1658
f 1628 1629 1660
f 1628 1660 1659
f 1629 1630 1661
f 1629 1661 1660
f 1630 1631 1662
f 1630 1662 1661
f 1631 1632 1663
f 1631 1663 1662
f 1632 1633 1664
f 1632 1664 1663
f 1633 1634 1665
f 1633 1665 1664
f 1634 1635 1666
f 1634 1666 1665
f 1635 1636 1667
f 1635 1667 1666
f 1636 1637 1668
f 1636 1668 1667
f 1637 1638 1669
f 1637 1669 1668
f 1638 1639 1670
f 1638 1670 1669
f 1639 1640 1671
f 1639 1671 1670
f 1640 1641 1672
f 1640 1672 1671
f 1641 1642 1673
f 1641 1673 1672
f 1642 1643 1674
f 1642 1674 1673
f 1643 1613 1644
f 1643 1644 1674
f 1613 1613 1644
f 1613 1644 1644
f 1644 1645 1676
f 1644 1676 1675
f 1645 1646 1677
f 1645 1677 1676
f 1646 1647 1678
f 1646 1678 1677
f 1647 1648 1679
f 1647 1679 1678
f 1648 1649 1680
f 1648 1680 1679
f 1649 1650 1681
f 1649 1681 1680
f 1650 1651 1682
f 1650 1682 1681
f 1651 1652 1683
f 1651 1683 1682
f 1652 1653 1684
f 1652 1684 1683
f 1653 1654 1685
f 1653 1685 1684
f 1654 1655 1686
f 1654 1686 1685
f 1655 1656 1687
f 1655 1687 1686
f 1656 1657 1688
f 1656 1688 1687
f 1657 1658 1689
f 1657 1689 1688
f 1658 1659 1690
f 1658 1690 1689
f 1659 1660 1691
f 1659 1691 1690
f 1660 1661 1692
f 1660 1692 1691
f 1661 1662 1693
f 1661 1693 1692
f 1662 1663 1694
f 1662 1694 1693
f 1663 1664 1695
f 1663 1695 1694
f 1664 1665 1696
f 1664 1696 1695
f 1665 1666 1697
f 1665 1697 1696
f 1666 1667 1698
f 1666 1698 1697
f 1667 1668 1699
f 1667 1699 1698
f 1668 1669 1700
f 1668 1700 1699
f 1669 1670 1701
f 1669 1701 1700
f 1670 1671 1702
f 1670 1702 1701
f 1671 1672 1703
f 1671 1703 1702
f 1672 1673 1704
f 1672 1704 1703
f 1673 1674 1705
f 1673 1705 1704
f 1674 1644 1675
f 1674 1675 1705
f 1644 1644 1675
f 1644 1675 1675
f 1675 1676 1707
f 1675 1707 1706
f 1676 1677 1708
f 1676 1708 1707
f 1677 1678 1709
f 1677 1709 1708
f 1678 1679 1710
f 1678 1710 1709
f 1679 1680 1711
f 1679 1711 1710
f 1680 1681 1712
f 1680 1712 1711
f 1681 1682 1713
f 1681 1713 1712
f 1682 1683 1714
f 1682 1714 1713
f 1683 1684 1715
f 1683 1715 1714
f 1684 1685 1716
f 1684 1716 1715
f 1685 1686 1717
f 1685 1717 1716
f 1686 1687 1718
f 1686 1718 1717
f 1687 1688 1719
f 1687 1719 1718
f 1688 1689 1720
f 1688 1720 1719
f 1689 1690 1721
f 1689 1721 1720
f 1690 1691 1722
f 1690 1722 1721
f 1691 1692 1723
f 1691 1723 1722
f 1692 1693 1724
f 1692 1724 1723
f 1693 1694 1725
f 1693 1725 1724
f 1694 1695 1726
f 1694 1726 1725
f 1695 1696 1727
f 1695 1727 1726
f 1696 1697 1728
f 1696 1728 1727
f 1697 1698 1729
f 1697 1729 1728
f 1698 1699 1730
f 1698 1730 1729
f 1699 1700 1731
f 1699 1731 1730
f 1700 1701 1732
f 1700 1732 1731
f 1701 1702 1733
f 1701 1733 1732
f 1702 1703 1734
f 1702 1734 1733
f 1703 1704 1735
f 1703 1735 1734
f 1704 1705 1736
f 1704 1736 1735
f 1705 1675 1706
f 1705 1706 1736
f 1675 1675 1706
f 1675 1706 1706
f 1706 1707 1738
f 1706 1738 1737
f 1707 1708 1739
f 1707 1739 1738
f 1708 1709 1740
f 1708 1740 1739
f 1709 1710 1741
f 1709 1741 1740
f 1710 1711 1742
f 1710 1742 1741
f 1711 1712 1743
f 1711 1743 1742
f 1712 1713 1744
f 1712 1744 1743
f 1713 1714 1745
f 1713 1745 1744
f 1714 1715 1746
f 1714 1746 1745
f 1715 1716 1747
f 1715 1747 1746
f 1716 1717 1748
f 1716 1748 1747
f 1717 1718 1749
f 1717 1749 1748
f 1718 1719 1750
f 1718 1750 1749
f 1719 1720 1751
f 1719 1751 1750
f 1720 1721 1752
f 1720 1752 1751
f 1721 1722 1753
f 1721 1753 1752
f 1722 1723 1754
f 1722 1754 1753
f 1723 1724 1755
f 1723 1755 1754
f 1724 1725 1756
f 1724 1756 1755
f 1725 1726 1757
f 1725 1757 1756
f 1726 1727 1758
f 1726 1758 1757
f 1727 1728 1759
f 1727 1759 1758
f 1728 1729 1760
f 1728 1760 1759
f 1729 1730 1761
f 1729 1761 1760
f 1730 1731 1762
f 1730 1762 1761
f 1731 1732 1763
f 1731 1763 1762
f 1732 1733 1764
f 1732 1764 1763
f 1733 1734 1765
f 1733 1765 1764
f 1734 1735 1766
f 1734 1766 1765
f 1735 1736 1767
f 1735 1767 1766
f 1736 1706 1737
f 1736 1737 1767
f 1706 1706 1737
f 1706 1737 1737
f 1737 1738 1769
f 1737 1769 1768
f 1738 1739 1770
f 1738 1770 1769
f 1739 1740 1771
f 1739 1771 1770
f 1740 1741 1772
f 1740 1772 1771
f 1741 1742 1773
f 1741 1773 1772
f 1742 1743 1774
f 1742 1774 1773
f 1743 1744 1775
f 1743 1775 1774
f 1744 1745 1776
f 1744 1776 1775
f 1745 1746 1777
f 1745 1777 1776
f 1746 1747 1778
f 1746 1778 1777
f 1747 1748 1779
f 1747 1779 1778
f 1748 1749 1780
f 1748 1780 1779
f 1749 1750 1781
f 1749 1781 1780
f 1750 1751 1782
f 1750 1782 1781
f 1751 1752 1783
f 1751 1783 1782
f 1752 1753 1784
f 1752 1784 1783
f 1753 1754 1785
f 1753 1785 1784
f 1754 1755 1786
f 1754 1786 1785
f 1755 1756 1787
f 1755 1787 1786
f 1756 1757 1788
f 1756 1788 1787
f 1757 1758 1789
f 1757 1789 1788
f 1758 1759 1790
f 1758 1790 1789
f 1759 1760 1791
f 1759 1791 1790
f 1760 1761 1792
f 1760 1792 1791
f 1761 1762 1793
f 1761 1793 1792
f 1762 1763 1794
f 1762 1794 1793
f 1763 1764 1795
f 1763 1795 1794
f 1764 1765 1796
f 1764 1796 1795
f 1765 1766 1797
f 1765 1797 1796
f 1766 1767 1798
f 1766 1798 1797
f 1767 1737 1768
f 1767 1768 1798
f 1737 1737 1768
f 1737 1768 1768
f 1768 1769 1800
f 1768 1800 1799
f 1769 1770 1801
f 1769 1801 1800
f 1770 1771 1802
f 1770 1802 1801
f 1771 1772 1803
f 1771 1803 1802
f 1772 1773 1804
f 1772 1804 1803
f 1773 1774 1805
f 1773 1805 1804
f 1774 1775 1806
f 1774 1806 1805
f 1775 1776 1807
f 1775 1807 1806
f 1776 1777 1808
f 1776 1808 1807
f 1777 1778 1809
f 1777 1809 1808
f 1778 1779 1810
f 1778 1810 1809
f 1779 1780 1811
f 1779 1811 1810
f 1780 1781 1812
f 1780 1812 1811
f 1781 1782 1813
f 1781 1813 1812
f 1782 1783 1814
f 1782 1814 1813
f 1783 1784 1815
f 1783 1815 1814
f 1784 1785 1816
f 1784 1816 1815
f 1785 1786 1817
f 1785 1817 1816
f 1786 1787 1818
f 1786 1818 1817
f 1787 1788 1819
f 1787 1819 1818
f 1788 1789 1820
f 1788 1820 1819
f 1789 1790 1821
f 1789 1821 1820
f 1790 1791 1822
f 1790 1822 1821
f 1791 1792 1823
f 1791 1823 1822
f 1792 1793 1824
f 1792 1824 1823
f 1793 1794 1825
f 1793 1825 1824
f 1794 1795 1826
f 1794 1826 1825
f 1795 1796 1827
f 1795 1827 1826
f 1796 1797 1828
f 1796 1828 1827
f 1797 1798 1829
f 1797 1829 1828
f 1798 1768 1799
f 1798 1799 1829
f 1768 1768 1799
f 1768 1799 1799
f 1799 1800 1831
f 1799 1831 1830
f 1800 1801 1832
f 1800 1832 1831
f 1801 1802 1833
f 1801 1833 1832
f 1802 1803 1834
f 1802 1834 1833
f 1803 1804 1835
f 1803 1835 1834
f 1804 1805 1836
f 1804 1836 1835
f 1805 1806 1837
f 1805 1837 1836
f 1806 1807 1838
f 1806 1838 1837
f 1807 1808 1839
f 1807 1839 1838
f 1808 1809 1840
f 1808 1840 1839
f 1809 1810 1841
f 1809 1841 1840
f 1810 1811 1842
f 1810 1842 1841
f 1811 1812 1843
f 1811 1843 1842
f 1812 1813 1844
f 1812 1844 1843
f 1813 1814 1845
f 1813 1845 1844
f 1814 1815 1846
f 1814 1846 1845
f 1815 1816 1847
f 1815 1847 1846
f 1816 1817 1848
f 1816 1848 1847
f 1817 1818 1849
f 1817 1849 1848
f 1818 1819 1850
f 1818 1850 1849
f 1819 1820 1851
f 1819 1851 1850
f 1820 1821 1852
f 1820 1852 1851
f 1821 1822 1853
f 1821 1853 1852
f 1822 1823 1854
f 1822 1854 1853
f 1823 1824 1855
f 1823 1855 1854
f 1824 1825 1856
f 1824 1856 1855
f 1825 1826 1857
f 1825 1857 1856
f 1826 1827 1858
f 1826 1858 1857
f 1827 1828 1859
f 1827 1859 1858
f 1828 1829 1860
f 1828 1860 1859
f 1829 1799 1830
f 1829 1830 1860
f 1799 1799 1830
f 1799 1830 1830
f 1830 1831 1862
f 1830 1862 1861
f 1831 1832 1863
f 1831 1863 1862
f 1832 1833 1864
f 1832 1864 1863
f 1833 1834 1865
f 1833 1865 1864
f 1834 1835 1866
f 1834 1866 1865
f 1835 1836 1867
f 1835 1867 1866
f 1836 1837 1868
f 1836 1868 1867
f 1837 1838 1869
f 1837 1869 1868
f 1838 1839 1870
f 1838 1870 1869
f 1839 1840 1871
f 1839 1871 1870
f 1840 1841 1872
f 1840 1872 1871
f 1841 1842 1873
f 1841 1873 1872
f 1842 1843 1874
f 1842 1874 1873
f 1843 1844 1875
f 1843 1875 1874
f 1844 1845 1876
f 1844 1876 1875
f 1845 1846 1877
f 1845 1877 1876
f 1846 1847 1878
f 1846 1878 1877
f 1847 1848 1879
f 1847 1879 1878
f 1848 1849 1880
f 1848 1880 1879
f 1849 1850 1881
f 1849 1881 1880
f 1850 1851 1882
f 1850 1882 1881
f 1851 1852 1883
f 1851 1883 1882
f 1852 1853 1884
f 1852 1884 1883
f 1853 1854 1885
f 1853 1885 1884
f 1854 1855 1886
f 1854 1886 1885
f 1855 1856 1887
f 1855 1887 1886
f 1856 1857 1888
f 1856 1888 1887
f 1857 1858 1889
f 1857 1889 1888
f 1858 1859 1890
f 1858 1890 1889
f 1859 1860 1891
f 1859 1891 1890
f 1860 1830 1861
f 1860 1861 1891
f 1830 1830 1861
f 1830 1861 1861
f 1861 1862 1893
f 1861 1893 1892
f 1862 1863 1894
f 1862 1894 1893
f 1863 1864 1895
f 1863 1895 1894
f 1864 1865 1896
f 1864 1896 1895
f 1865 1866 1897
f 1865 1897 1896
f 1866 1867 1898
f 1866 1898 1897
f 1867 1868 1899
f 1867 1899 1898
f 1868 1869 1900
f 1868 1900 1899
f 1869 1870 1901
f 1869 1901 1900
f 1870 1871 1902
f 1870 1902 1901
f 1871 1872 1903
f 1871 1903 1902
f 1872 1873 1904
f 1872 1904 1903
f 1873 1874 1905
f 1873 1905 1904
f 1874 1875 1906
f 1874 1906 1905
f 1875 1876 1907
f 1875 1907 1906
f 1876 1877 1908
f 1876 1908 1907
f 1877 1878 1909
f 1877 1909 1908
f 1878 1879 1910
f 1878 1910 1909
f 1879 1880 1911
f 1879 1911 1910
f 1880 1881 1912
f 1880 1912 1911
f 1881 1882 1913
f 1881 1913 1912
f 1882 1883 1914
f 1882 1914 1913
f 1883 1884 1915
f 1883 1915 1914
f 1884 1885 1916
f 1884 1916 1915
f 1885 1886 1917
f 1885 1917 1916
f 1886 1887 1918
f 1886 1918 1917
f 1887 1888 1919
f 1887 1919 1918
f 1888 1889 1920
f 1888 1920 1919
f 1889 1890 1921
f 1889 1921 1920
f 1890 1891 1922
f 1890 1922 1921
f 1891 1861 1892
f 1891 1892 1922
f 1861 1861 1892
f 1861 1892 1892
f 1892 1893 1924
f 1892 1924 1923
f 1893 1894 1925
f 1893 1925 1924
f 1894 1895 1926
f 1894 1926 1925
f 1895 1896 1927
f 1895 1927 1926
f 1896 1897 1928
f 1896 1928 1927
f 1897 1898 1929
f 1897 1929 1928
f 1898 1899 1930
f 1898 1930 1929
f 1899 1900 1931
f 1899 1931 1930
f 1900 1901 1932
f 1900 1932 1931
f 1901 1902 1933
f 1901 1933 1932
f 1902 1903 1934
f 1902 1934 1933
f 1903 1904 1935
f 1903 1935 1934
f 1904 1905 1936
f 1904 1936 1935
f 1905 1906 1937
f 1905 1937 1936
f 1906 1907 1938
f 1906 1938 1937
f 1907 1908 1939
f 1907 1939 1938
f 1908 1909 1940
f 1908 1940 1939
f 1909 1910 1941
f 1909 1941 1940
f 1910 1911 1942
f 1910 1942 1941
f 1911 1912 1943
f 1911 1943 1942
f 1912 1913 1944
f 1912 1944 1943
f 1913 1914 1945
f 1913 1945 1944
f 1914 1915 1946
f 1914 1946 1945
f 1915 1916 1947
f 1915 1947 1946
f 1916 1917 1948
f 1916 1948 1947
f 1917 1918 1949
f 1917 1949 1948
f 1918 1919 1950
f 1918 1950 1949
f 1919 1920 1951
f 1919 1951 1950
f 1920 1921 1952
f 1920 1952 1951
f 1921 1922 1953
f 1921 1953 1952
f 1922 1892 1923
f 1922 1923 1953
f 1892 1892 1923
f 1892 1923 1923
f 1923 1924 1955
f 1923 1955 1954
f 1924 1925 1956
f 1924 1956 1955
f 1925 1926 1957
f 1925 1957 1956
f 1926 1927 1958
f 1926 1958 1957
f 1927 1928 1959
f 1927 1959 1958
f 1928 1929 1960
f 1928 1960 1959
f 1929 1930 1961
f 1929 1961 1960
f 1930 1931 1962
f 1930 1962 1961
f 1931 1932 1963
f 1931 1963 1962
f 1932 1933 1964
f 1932 1964 1963
f 1933 1934 1965
f 1933 1965 1964
f 1934 1935 1966
f 1934 1966 1965
f 1935 1936 1967
f 1935 1967 1966
f 1936 1937 1968
f 1936 1968 1967
f 1937 1938 1969
f 1937 1969 1968
f 1938 1939 1970
f 1938 1970 1969
f 1939 1940 1971
f 1939 1971 1970
f 1940 1941 1972
f 1940 1972 1971
f 1941 1942 1973
f 1941 1973 1972
f 1942 1943 1974
f 1942 1974 1973
f 1943 1944 1975
f 1943 1975 1974
f 1944 1945 1976
f 1944 1976 1975
f 1945 1946 1977
f 1945 1977 1976
f 1946 1947 1978
f 1946 1978 1977
f 1947 1948 1979
f 1947 1979 1978
f 1948 1949 1980
f 1948 1980 1979
f 1949 1950 1981
f 1949 1981 1980
f 1950 1951 1982
f 1950 1982 1981
f 1951 1952 1983
f 1951 1983 1982
f 1952 1953 1984
f 1952 1984 1983
f 1953 1923 1954
f 1953 1954 1984
f 1923 1923 1954
f 1923 1954 1954
